datetime,price,Biomass,Fossil Gas,Fossil Hard coal,Fossil Oil,Solar,Waste,Wind Offshore,Wind Onshore
2025-01-01 00:00:00,2.54,140.69,26.35,47.44,8.09,0.0,34.96,928.9,532.38
2025-01-01 01:00:00,1.93,146.95,26.66,39.92,8.2,0.0,34.56,537.15,527.23
2025-01-01 02:00:00,1.93,160.33,26.56,39.71,8.14,0.0,34.32,204.55,527.26
2025-01-01 03:00:00,1.43,152.97,26.7,39.85,8.17,0.0,34.46,204.2,530.62
2025-01-01 04:00:00,1.04,158.96,26.64,39.66,8.14,0.0,34.59,392.21,516.82
2025-01-01 05:00:00,2.28,131.7,26.81,39.88,8.18,0.0,34.43,397.33,517.94
2025-01-01 06:00:00,1.15,131.07,26.86,39.98,8.2,0.0,42.16,400.72,523.66
2025-01-01 07:00:00,1.35,147.03,26.96,40.12,8.24,0.0,42.18,550.51,528.12
2025-01-01 08:00:00,2.26,180.82,27.68,41.24,8.44,0.0,42.09,888.32,528.73
2025-01-01 09:00:00,2.54,164.49,27.79,41.4,8.47,1.71,42.27,900.62,521.91
2025-01-01 10:00:00,3.54,162.24,27.61,41.11,8.42,10.44,42.14,902.52,527.51
2025-01-01 11:00:00,3.7,170.39,27.98,41.74,8.54,16.25,38.36,920.83,543.3
2025-01-01 12:00:00,3.75,183.75,27.85,41.54,8.5,15.12,37.21,927.72,547.92
2025-01-01 13:00:00,3.81,185.35,37.18,56.72,11.42,11.84,35.88,927.12,536.66
2025-01-01 14:00:00,5.37,173.18,41.18,63.25,12.67,3.14,35.96,927.33,541.19
2025-01-01 15:00:00,12.28,158.62,43.38,66.83,13.36,0.09,36.44,925.33,539.48
2025-01-01 16:00:00,19.4,217.41,71.2,111.97,22.04,0.0,39.87,922.27,516.79
2025-01-01 17:00:00,21.63,179.75,83.45,131.88,25.87,0.0,41.48,908.8,486.76
2025-01-01 18:00:00,17.03,184.27,71.79,112.97,22.23,0.0,39.86,911.81,493.01
2025-01-01 19:00:00,10.13,215.89,43.82,67.51,13.49,0.0,36.37,918.78,496.37
2025-01-01 20:00:00,8.0,184.74,41.32,63.48,12.71,0.0,35.83,915.35,468.39
2025-01-01 21:00:00,6.73,177.4,40.88,62.93,12.61,0.0,36.25,918.59,476.32
2025-01-01 22:00:00,9.84,180.62,40.78,62.71,12.57,0.0,36.58,906.46,469.87
2025-01-01 23:00:00,7.01,160.47,41.74,64.4,12.89,0.0,36.29,889.65,440.9
2025-01-02 00:00:00,2.84,188.64,41.17,63.54,12.73,0.0,36.27,638.87,340.17
2025-01-02 01:00:00,2.7,248.36,41.56,64.17,12.85,0.0,36.51,615.14,272.92
2025-01-02 02:00:00,3.57,273.01,41.42,63.94,12.8,0.0,36.18,634.97,281.01
2025-01-02 03:00:00,6.89,254.88,41.7,64.48,12.91,0.0,36.11,873.89,311.18
2025-01-02 04:00:00,12.75,292.87,63.98,100.68,19.87,0.0,39.02,735.23,354.41
2025-01-02 05:00:00,22.65,349.9,83.41,134.5,25.95,0.0,42.51,864.84,370.23
2025-01-02 06:00:00,50.96,420.59,85.87,145.27,29.91,0.0,48.95,913.91,406.47
2025-01-02 07:00:00,98.83,482.43,116.72,196.9,37.33,0.0,49.62,898.63,373.19
2025-01-02 08:00:00,121.53,478.81,126.31,217.07,38.5,1.29,50.18,862.43,273.49
2025-01-02 09:00:00,127.23,477.85,126.97,217.95,38.6,41.91,49.85,788.17,190.49
2025-01-02 10:00:00,124.53,481.15,127.16,218.51,38.68,142.45,49.64,720.34,163.18
2025-01-02 11:00:00,111.58,506.88,98.74,228.84,40.0,268.53,49.21,701.32,121.16
2025-01-02 12:00:00,100.4,510.78,96.02,227.6,39.91,295.75,49.49,659.23,112.56
2025-01-02 13:00:00,105.49,534.45,84.75,209.1,36.39,248.02,48.94,502.24,97.3
2025-01-02 14:00:00,111.79,574.24,80.07,201.46,34.91,137.09,53.49,447.48,82.29
2025-01-02 15:00:00,126.79,578.69,80.45,201.99,35.04,26.53,53.85,424.66,101.07
2025-01-02 16:00:00,135.27,576.12,78.62,199.07,34.45,0.08,45.55,461.15,136.56
2025-01-02 17:00:00,149.78,554.86,77.97,198.58,34.28,0.0,46.34,493.0,197.49
2025-01-02 18:00:00,145.92,558.83,77.57,197.94,34.17,0.0,46.98,710.7,234.84
2025-01-02 19:00:00,107.37,556.19,79.38,201.1,34.7,0.0,50.81,784.33,253.59
2025-01-02 20:00:00,102.61,493.11,93.41,223.72,39.09,0.0,49.09,825.76,251.87
2025-01-02 21:00:00,77.94,485.18,91.94,221.29,36.8,0.0,43.38,801.64,257.92
2025-01-02 22:00:00,61.5,487.73,92.0,221.46,36.64,0.0,44.91,809.66,239.3
2025-01-02 23:00:00,48.89,489.78,91.6,220.79,36.52,0.0,41.49,818.95,214.18
2025-01-03 00:00:00,42.69,487.35,88.14,210.69,35.44,0.0,42.03,762.09,210.68
2025-01-03 01:00:00,38.13,490.76,72.83,137.25,30.65,0.0,39.39,760.93,196.61
2025-01-03 02:00:00,35.21,486.34,60.0,112.61,26.65,0.0,37.38,777.2,205.87
2025-01-03 03:00:00,33.43,478.45,47.19,91.97,22.65,0.0,36.18,821.99,277.24
2025-01-03 04:00:00,30.08,470.89,47.51,92.61,22.73,0.0,36.62,868.63,337.45
2025-01-03 05:00:00,30.85,473.3,47.69,92.97,22.8,0.0,37.74,916.13,393.91
2025-01-03 06:00:00,38.44,477.35,50.06,109.52,23.55,0.0,38.34,934.34,428.71
2025-01-03 07:00:00,52.09,476.08,66.85,178.56,28.8,0.0,40.15,936.02,464.03
2025-01-03 08:00:00,80.51,478.64,55.39,162.17,25.3,0.72,40.31,931.78,478.89
2025-01-03 09:00:00,79.42,476.29,51.23,125.33,23.93,5.94,45.93,909.17,429.51
2025-01-03 10:00:00,75.69,476.69,50.91,145.81,23.81,71.39,45.29,879.64,399.27
2025-01-03 11:00:00,67.54,469.54,50.74,147.24,23.79,151.94,43.69,915.2,445.66
2025-01-03 12:00:00,54.32,467.2,50.16,100.81,23.61,210.16,38.94,927.83,470.09
2025-01-03 13:00:00,52.8,470.86,47.46,95.54,22.75,199.29,36.2,930.72,484.19
2025-01-03 14:00:00,53.75,474.54,49.5,98.75,23.37,138.49,38.38,925.6,454.91
2025-01-03 15:00:00,72.89,476.3,61.04,134.37,28.63,28.84,46.02,913.08,449.58
2025-01-03 16:00:00,100.47,478.95,80.55,202.33,35.08,0.09,48.81,913.04,462.09
2025-01-03 17:00:00,105.79,480.98,81.24,204.9,35.29,0.0,48.95,934.55,454.97
2025-01-03 18:00:00,108.51,477.23,81.2,204.83,35.27,0.0,49.03,928.53,439.04
2025-01-03 19:00:00,100.69,475.56,76.99,197.97,33.96,0.0,48.29,929.22,399.09
2025-01-03 20:00:00,82.76,477.87,60.12,169.66,28.68,0.0,46.71,926.54,376.66
2025-01-03 21:00:00,80.72,471.93,59.26,167.79,28.4,0.0,45.95,919.44,346.62
2025-01-03 22:00:00,67.13,476.18,52.06,156.36,26.16,0.0,44.74,920.44,302.32
2025-01-03 23:00:00,67.76,478.98,44.32,143.48,23.75,0.0,43.73,855.18,253.03
2025-01-04 00:00:00,60.59,481.98,46.09,144.17,23.96,0.0,43.06,819.3,198.97
2025-01-04 01:00:00,81.97,507.65,61.8,155.96,26.55,0.0,44.79,763.93,120.42
2025-01-04 02:00:00,90.2,508.22,67.93,173.8,29.07,0.0,45.53,581.12,76.69
2025-01-04 03:00:00,91.53,511.79,78.36,196.3,33.41,0.0,51.45,315.13,44.76
2025-01-04 04:00:00,95.95,509.26,84.42,205.97,35.3,0.0,56.53,133.25,24.81
2025-01-04 05:00:00,102.11,509.56,81.56,201.29,34.41,0.0,48.75,38.08,31.27
2025-01-04 06:00:00,110.66,508.39,93.84,221.38,38.25,0.0,49.97,17.42,46.87
2025-01-04 07:00:00,119.96,506.24,97.79,228.75,39.48,0.0,50.64,115.37,81.35
2025-01-04 08:00:00,128.39,502.84,104.31,230.06,39.44,1.89,50.63,220.73,127.5
2025-01-04 09:00:00,130.75,509.44,107.86,233.38,39.99,37.78,55.9,388.77,161.68
2025-01-04 10:00:00,130.35,509.03,126.79,233.81,40.09,102.44,52.18,527.67,173.71
2025-01-04 11:00:00,128.29,508.81,140.58,232.56,39.97,127.31,50.63,560.54,231.92
2025-01-04 12:00:00,130.03,510.29,138.76,225.79,38.73,128.18,51.31,669.98,247.29
2025-01-04 13:00:00,129.85,508.91,130.94,212.91,36.12,104.69,50.06,701.9,258.96
2025-01-04 14:00:00,136.4,510.93,130.74,213.07,36.08,59.25,48.24,676.9,272.26
2025-01-04 15:00:00,138.73,510.23,132.55,215.55,37.51,12.55,48.46,793.22,272.68
2025-01-04 16:00:00,142.01,510.63,142.85,232.2,40.79,0.0,49.73,800.9,242.15
2025-01-04 17:00:00,151.24,506.58,143.58,234.18,41.17,0.0,49.98,791.73,225.8
2025-01-04 18:00:00,143.86,503.41,147.75,234.94,41.35,0.0,50.21,762.78,198.23
2025-01-04 19:00:00,137.97,505.32,155.4,234.87,41.3,0.0,49.65,706.97,185.93
2025-01-04 20:00:00,129.5,509.62,144.38,234.13,41.15,0.0,47.74,616.51,148.79
2025-01-04 21:00:00,122.85,513.01,110.07,233.12,40.9,0.0,51.93,682.6,126.87
2025-01-04 22:00:00,118.29,512.74,99.03,230.51,40.3,0.0,48.35,608.72,172.05
2025-01-04 23:00:00,109.5,511.69,98.42,231.67,40.65,0.0,53.87,530.08,179.24
2025-01-05 00:00:00,113.85,510.34,95.63,227.52,39.78,0.0,49.43,444.04,144.86
2025-01-05 01:00:00,100.33,510.24,95.83,227.92,39.86,0.0,48.98,271.78,108.51
2025-01-05 02:00:00,93.61,508.87,84.93,210.13,36.47,0.0,47.43,206.29,62.95
2025-01-05 03:00:00,93.88,512.13,87.7,209.24,36.23,0.0,47.15,148.77,41.77
2025-01-05 04:00:00,89.39,508.67,100.07,217.16,37.76,0.0,58.1,83.08,35.52
2025-01-05 05:00:00,83.55,507.02,104.08,216.31,37.65,0.0,49.3,85.51,29.72
2025-01-05 06:00:00,83.93,511.78,96.94,211.2,36.67,0.0,47.54,56.76,28.62
2025-01-05 07:00:00,81.52,511.03,96.34,210.49,36.59,0.0,46.91,59.66,30.94
2025-01-05 08:00:00,85.07,509.66,86.41,209.91,36.49,0.49,46.81,103.25,47.56
2025-01-05 09:00:00,89.16,509.76,94.08,210.0,36.56,12.62,47.15,259.3,83.77
2025-01-05 10:00:00,83.93,510.61,93.07,220.65,38.66,30.81,47.78,370.42,120.88
2025-01-05 11:00:00,89.6,513.6,104.73,226.7,39.9,46.22,48.72,313.36,118.83
2025-01-05 12:00:00,82.34,513.67,105.49,232.84,41.1,52.43,54.24,342.18,121.06
2025-01-05 13:00:00,78.4,561.65,95.94,208.52,36.51,41.65,48.44,313.52,116.87
2025-01-05 14:00:00,68.0,529.48,93.51,220.04,38.98,23.01,58.86,370.94,140.53
2025-01-05 15:00:00,51.82,510.91,87.67,213.98,37.35,3.71,43.0,563.11,165.77
2025-01-05 16:00:00,51.03,511.1,94.78,219.41,38.3,0.0,45.29,804.21,232.78
2025-01-05 17:00:00,66.38,511.45,107.02,230.78,40.48,0.0,41.57,919.32,306.8
2025-01-05 18:00:00,63.84,512.98,97.96,231.37,40.5,0.0,42.09,944.92,366.77
2025-01-05 19:00:00,51.28,511.25,95.51,227.44,39.73,0.0,42.06,950.61,414.56
2025-01-05 20:00:00,36.85,514.2,85.79,211.36,36.73,0.0,40.39,952.75,446.82
2025-01-05 21:00:00,36.86,508.83,84.13,208.53,36.21,0.0,40.26,953.45,464.31
2025-01-05 22:00:00,34.61,509.46,81.04,203.43,35.21,0.0,39.69,954.7,485.82
2025-01-05 23:00:00,28.14,504.52,79.74,201.36,27.12,0.0,39.72,953.64,476.4
2025-01-06 00:00:00,27.52,482.62,62.24,157.81,19.36,0.0,37.51,898.96,428.33
2025-01-06 01:00:00,23.76,440.04,55.37,103.5,17.22,0.0,36.67,891.73,367.47
2025-01-06 02:00:00,19.62,371.14,33.08,67.51,10.25,0.0,34.38,886.63,367.03
2025-01-06 03:00:00,16.76,292.86,31.75,65.39,9.82,0.0,37.1,818.68,360.54
2025-01-06 04:00:00,15.56,285.09,30.44,63.14,9.41,0.0,34.81,737.56,290.62
2025-01-06 05:00:00,14.88,310.91,31.69,65.08,9.81,0.0,35.21,805.62,230.47
2025-01-06 06:00:00,25.01,434.3,40.85,97.43,12.68,0.0,36.2,733.11,291.78
2025-01-06 07:00:00,30.53,448.76,72.3,187.21,22.49,0.0,49.6,585.85,329.11
2025-01-06 08:00:00,40.58,508.45,81.33,203.6,25.32,0.0,47.98,514.55,326.2
2025-01-06 09:00:00,36.2,511.21,84.95,209.67,26.44,2.54,41.34,701.72,330.87
2025-01-06 10:00:00,34.69,511.78,88.19,215.02,27.44,20.57,41.95,934.24,352.57
2025-01-06 11:00:00,32.83,511.34,87.75,212.45,27.27,53.54,41.91,931.26,365.78
2025-01-06 12:00:00,31.28,491.87,87.82,208.32,27.26,72.2,41.65,924.34,362.36
2025-01-06 13:00:00,28.6,463.02,89.8,215.91,27.86,51.68,42.81,917.3,384.14
2025-01-06 14:00:00,25.6,471.18,90.65,218.93,28.12,20.4,42.58,927.38,398.09
2025-01-06 15:00:00,26.32,479.67,91.8,215.12,28.48,2.55,41.83,933.69,412.2
2025-01-06 16:00:00,26.87,506.63,89.69,186.38,27.83,0.0,41.52,931.48,407.62
2025-01-06 17:00:00,31.67,505.88,90.39,186.75,28.04,0.0,42.22,935.4,414.17
2025-01-06 18:00:00,31.59,509.19,93.65,193.55,29.07,0.0,41.9,933.76,449.29
2025-01-06 19:00:00,27.93,479.59,92.97,192.22,28.85,0.0,42.57,930.35,491.48
2025-01-06 20:00:00,23.08,418.42,73.0,154.76,22.61,0.0,39.65,930.57,512.78
2025-01-06 21:00:00,13.65,353.88,59.4,125.21,18.39,0.0,37.08,926.13,512.95
2025-01-06 22:00:00,15.49,317.16,56.48,120.68,17.48,0.0,36.26,935.6,508.19
2025-01-06 23:00:00,8.27,291.81,42.04,96.17,12.98,0.0,34.76,939.19,511.23
2025-01-07 00:00:00,10.61,276.59,26.7,50.27,8.19,0.0,33.64,937.47,510.41
2025-01-07 01:00:00,8.71,234.42,26.2,72.0,8.04,0.0,34.12,931.74,515.26
2025-01-07 02:00:00,5.3,278.46,25.73,78.88,7.9,0.0,34.11,933.67,513.82
2025-01-07 03:00:00,5.01,274.68,26.28,73.62,8.07,0.0,34.3,934.25,515.0
2025-01-07 04:00:00,5.13,275.61,25.8,81.01,7.93,0.0,33.5,928.99,515.3
2025-01-07 05:00:00,5.8,282.37,33.42,100.92,10.31,0.0,33.33,928.55,512.59
2025-01-07 06:00:00,28.08,328.23,63.59,173.41,19.75,0.0,35.53,927.67,502.25
2025-01-07 07:00:00,36.01,390.43,82.41,215.52,25.63,0.0,37.59,922.63,498.46
2025-01-07 08:00:00,37.23,472.01,87.12,235.21,27.08,3.05,40.48,932.47,500.82
2025-01-07 09:00:00,35.01,417.84,84.05,238.91,26.12,41.02,42.48,941.99,507.31
2025-01-07 10:00:00,34.27,392.56,81.52,235.32,25.32,94.21,41.98,943.81,498.14
2025-01-07 11:00:00,34.65,393.62,76.41,238.05,23.73,169.0,41.43,945.87,500.25
2025-01-07 12:00:00,33.33,386.94,70.9,229.48,22.0,177.03,40.74,944.92,499.75
2025-01-07 13:00:00,33.27,390.9,72.08,230.11,22.36,129.16,40.96,942.67,486.67
2025-01-07 14:00:00,33.28,396.11,70.05,225.6,21.73,88.28,39.34,942.03,476.14
2025-01-07 15:00:00,33.25,408.25,70.73,219.84,21.95,16.14,38.61,945.84,473.62
2025-01-07 16:00:00,35.04,432.36,83.86,238.25,26.04,0.06,39.5,939.12,467.27
2025-01-07 17:00:00,44.26,439.99,85.22,239.29,26.47,0.0,39.1,940.6,463.33
2025-01-07 18:00:00,35.01,427.69,85.33,240.2,26.51,0.0,39.14,940.29,458.98
2025-01-07 19:00:00,33.53,417.3,83.33,236.36,25.88,0.0,38.18,945.59,477.23
2025-01-07 20:00:00,23.25,402.75,76.97,221.45,23.9,0.0,37.63,945.29,490.45
2025-01-07 21:00:00,22.43,354.55,59.55,173.69,18.46,0.0,36.35,944.7,471.53
2025-01-07 22:00:00,23.22,303.92,44.13,123.38,13.65,0.0,35.06,943.31,463.75
2025-01-07 23:00:00,12.42,324.97,34.85,91.71,10.74,0.0,34.64,940.66,476.38
2025-01-08 00:00:00,13.18,413.95,40.38,104.56,12.47,0.0,35.67,937.48,484.11
2025-01-08 01:00:00,13.66,433.03,44.42,113.07,13.73,0.0,35.97,944.52,498.63
2025-01-08 02:00:00,23.26,372.05,44.59,114.24,13.78,0.0,36.1,944.49,507.96
2025-01-08 03:00:00,17.88,309.05,44.0,111.98,13.6,0.0,36.17,945.17,512.33
2025-01-08 04:00:00,21.49,340.2,45.27,120.36,14.0,0.0,36.27,940.37,512.04
2025-01-08 05:00:00,23.9,408.76,53.4,162.45,16.54,0.0,37.83,939.28,512.43
2025-01-08 06:00:00,26.37,490.03,74.34,180.46,22.98,0.0,41.89,947.64,513.28
2025-01-08 07:00:00,45.43,503.59,113.97,213.21,26.94,0.0,49.4,946.37,512.81
2025-01-08 08:00:00,61.72,501.48,117.89,219.03,28.05,0.87,44.49,944.6,505.23
2025-01-08 09:00:00,67.11,502.46,119.83,221.31,31.49,27.91,60.0,946.2,510.01
2025-01-08 10:00:00,69.87,387.09,102.54,219.88,35.98,63.83,43.35,930.23,513.22
2025-01-08 11:00:00,70.81,213.92,88.19,215.18,37.12,108.15,36.7,930.39,523.23
2025-01-08 12:00:00,69.13,242.78,71.85,150.32,32.58,160.2,34.62,934.87,526.83
2025-01-08 13:00:00,74.06,342.58,70.49,132.56,32.05,161.68,34.43,933.26,528.1
2025-01-08 14:00:00,80.76,379.15,79.64,188.06,34.84,68.96,36.81,934.06,517.07
2025-01-08 15:00:00,104.99,393.83,92.68,220.46,38.92,20.95,40.94,934.36,504.2
2025-01-08 16:00:00,132.17,478.69,94.89,224.68,39.55,0.14,47.47,934.89,504.42
2025-01-08 17:00:00,153.42,512.48,109.76,231.08,40.59,0.0,51.0,935.91,487.92
2025-01-08 18:00:00,146.85,484.54,97.07,226.96,39.79,0.0,50.84,936.5,471.41
2025-01-08 19:00:00,143.8,465.18,94.76,225.54,39.59,0.0,50.43,933.62,443.61
2025-01-08 20:00:00,110.91,493.65,94.26,224.03,39.43,0.0,49.77,930.79,435.42
2025-01-08 21:00:00,95.01,500.21,89.27,216.02,37.86,0.0,48.77,915.93,418.22
2025-01-08 22:00:00,75.72,498.93,89.27,216.47,37.88,0.0,49.71,784.52,353.2
2025-01-08 23:00:00,51.3,499.85,89.13,216.63,37.83,0.0,49.56,756.44,305.61
2025-01-09 00:00:00,70.19,502.82,91.7,220.99,38.63,0.0,50.33,710.71,239.19
2025-01-09 01:00:00,100.0,501.6,92.72,222.97,38.95,0.0,50.21,644.65,180.78
2025-01-09 02:00:00,98.77,500.18,92.45,222.46,32.78,0.0,50.68,577.45,131.77
2025-01-09 03:00:00,95.21,499.51,92.57,222.19,28.78,0.0,49.54,437.74,91.66
2025-01-09 04:00:00,98.28,502.16,92.86,222.55,28.87,0.0,50.09,260.48,57.37
2025-01-09 05:00:00,102.65,505.58,97.24,229.65,30.25,0.0,66.2,136.83,45.18
2025-01-09 06:00:00,133.54,498.55,105.23,235.3,31.35,0.0,67.93,81.2,34.49
2025-01-09 07:00:00,148.81,512.12,143.16,229.42,30.24,0.0,50.69,65.48,27.54
2025-01-09 08:00:00,164.88,469.5,141.12,224.26,29.25,0.29,50.87,77.79,16.45
2025-01-09 09:00:00,156.15,465.2,145.89,232.16,37.03,19.3,53.99,82.72,24.42
2025-01-09 10:00:00,147.65,499.95,164.64,231.05,40.55,52.31,49.53,14.64,9.87
2025-01-09 11:00:00,140.21,501.11,164.93,231.85,40.68,52.54,50.23,28.96,10.29
2025-01-09 12:00:00,128.19,497.9,166.27,235.23,41.42,58.24,54.42,24.92,8.41
2025-01-09 13:00:00,121.15,499.31,163.24,230.98,41.02,55.13,50.35,18.02,7.7
2025-01-09 14:00:00,123.96,498.23,164.51,232.55,41.35,34.02,50.44,3.87,8.23
2025-01-09 15:00:00,129.35,497.71,153.13,196.76,37.74,12.37,49.28,2.47,7.57
2025-01-09 16:00:00,130.85,504.41,163.55,227.32,41.03,0.0,50.02,10.55,7.28
2025-01-09 17:00:00,133.99,505.1,156.89,202.86,38.93,0.0,52.3,5.92,7.84
2025-01-09 18:00:00,137.79,506.29,163.35,228.82,40.46,0.0,52.09,25.55,9.64
2025-01-09 19:00:00,125.44,502.47,165.43,232.94,41.04,0.0,52.44,48.1,20.27
2025-01-09 20:00:00,119.23,498.88,164.48,232.45,40.72,0.0,51.59,124.68,24.12
2025-01-09 21:00:00,104.99,501.77,129.8,229.73,40.19,0.0,51.36,159.11,25.36
2025-01-09 22:00:00,101.1,480.05,118.71,225.71,39.53,0.0,51.16,194.12,32.66
2025-01-09 23:00:00,88.19,508.89,104.62,220.59,40.33,0.0,51.63,198.68,43.17
2025-01-10 00:00:00,84.79,510.81,95.54,217.4,33.32,0.0,51.23,245.54,42.79
2025-01-10 01:00:00,80.23,457.51,94.29,205.73,29.33,0.0,51.38,225.15,32.97
2025-01-10 02:00:00,71.29,476.43,102.78,207.42,29.78,0.0,51.64,208.89,44.69
2025-01-10 03:00:00,69.05,514.23,108.97,211.08,30.49,0.0,51.79,311.14,46.46
2025-01-10 04:00:00,69.89,476.11,95.17,206.31,30.61,0.0,51.01,282.57,46.36
2025-01-10 05:00:00,83.9,496.33,93.25,223.04,38.19,0.0,51.15,321.75,38.17
2025-01-10 06:00:00,99.09,488.45,98.85,232.39,40.59,0.0,52.43,339.84,29.99
2025-01-10 07:00:00,123.92,456.56,138.73,238.22,41.76,0.0,57.41,209.81,20.05
2025-01-10 08:00:00,139.47,466.94,143.66,234.54,41.09,0.78,51.51,153.06,28.89
2025-01-10 09:00:00,136.92,467.48,151.65,233.87,40.98,29.77,51.74,167.21,36.25
2025-01-10 10:00:00,123.57,491.87,162.36,232.18,40.61,75.52,50.44,185.33,49.72
2025-01-10 11:00:00,113.59,505.13,143.68,231.26,40.43,98.74,49.78,247.12,87.64
2025-01-10 12:00:00,107.76,503.36,140.54,227.84,39.79,122.18,48.36,460.34,88.43
2025-01-10 13:00:00,104.69,501.3,138.77,226.82,39.56,91.19,48.63,512.74,126.26
2025-01-10 14:00:00,110.02,481.98,140.26,229.16,40.05,51.66,48.91,624.62,154.73
2025-01-10 15:00:00,128.69,486.69,141.14,230.4,40.26,12.18,50.74,690.22,200.19
2025-01-10 16:00:00,134.87,481.1,142.17,231.18,40.52,0.2,51.39,723.81,210.27
2025-01-10 17:00:00,142.56,479.88,145.11,235.85,41.46,0.0,54.07,706.81,257.28
2025-01-10 18:00:00,144.11,480.34,140.87,235.53,41.43,0.0,52.39,776.97,280.23
2025-01-10 19:00:00,141.05,483.92,118.35,239.62,42.22,0.0,52.12,756.6,307.34
2025-01-10 20:00:00,134.82,480.67,132.43,245.87,127.25,0.0,52.89,824.97,338.28
2025-01-10 21:00:00,94.42,482.69,96.77,224.08,39.12,0.0,51.02,819.73,330.97
2025-01-10 22:00:00,75.18,489.22,91.92,221.23,38.6,0.0,50.95,828.23,323.13
2025-01-10 23:00:00,54.0,496.91,91.82,221.14,38.56,0.0,50.84,852.62,331.37
2025-01-11 00:00:00,61.05,488.18,86.48,211.44,30.6,0.0,50.01,825.12,365.13
2025-01-11 01:00:00,48.21,498.56,71.35,170.11,22.15,0.0,47.94,811.77,396.46
2025-01-11 02:00:00,44.3,487.08,58.23,167.01,18.05,0.0,46.32,883.89,434.74
2025-01-11 03:00:00,39.37,473.91,52.76,165.96,16.34,0.0,45.67,943.65,443.02
2025-01-11 04:00:00,36.45,485.93,54.91,169.85,17.02,0.0,45.77,942.13,454.65
2025-01-11 05:00:00,29.65,490.55,66.38,188.65,20.59,0.0,47.28,941.07,479.9
2025-01-11 06:00:00,41.04,488.82,79.74,225.15,24.77,0.0,48.31,947.4,493.55
2025-01-11 07:00:00,53.62,491.52,90.42,224.23,33.04,0.0,42.79,950.89,502.63
2025-01-11 08:00:00,67.47,492.87,87.23,213.49,37.12,1.05,42.45,952.19,505.41
2025-01-11 09:00:00,64.36,490.03,74.09,177.39,33.02,32.78,40.53,955.75,513.97
2025-01-11 10:00:00,58.18,500.91,77.19,163.81,33.98,85.51,41.08,952.43,512.53
2025-01-11 11:00:00,55.75,502.73,75.34,158.96,33.4,137.0,41.01,949.35,509.36
2025-01-11 12:00:00,56.08,523.32,69.64,136.79,31.62,203.13,40.4,949.84,514.21
2025-01-11 13:00:00,45.22,527.58,68.32,134.63,31.21,231.97,40.06,951.32,515.21
2025-01-11 14:00:00,49.62,527.79,68.74,135.23,31.34,163.26,40.22,951.26,512.01
2025-01-11 15:00:00,69.38,526.2,65.99,133.13,30.48,50.37,46.33,950.91,501.54
2025-01-11 16:00:00,88.13,526.79,83.2,203.5,35.88,1.05,49.65,951.69,489.7
2025-01-11 17:00:00,119.8,497.72,85.13,210.5,36.47,0.0,49.68,953.51,477.69
2025-01-11 18:00:00,122.34,227.2,87.29,213.6,37.25,0.0,50.28,949.68,471.49
2025-01-11 19:00:00,100.12,223.13,151.1,234.26,103.22,0.0,51.64,948.67,461.39
2025-01-11 20:00:00,82.71,221.75,99.73,227.99,45.52,0.0,51.27,948.2,454.49
2025-01-11 21:00:00,73.0,221.75,85.05,209.36,36.44,0.0,43.93,947.24,437.5
2025-01-11 22:00:00,69.28,211.29,68.76,182.94,31.35,0.0,40.46,945.73,413.02
2025-01-11 23:00:00,67.0,327.87,61.78,171.93,29.16,0.0,39.61,935.5,373.99
2025-01-12 00:00:00,41.02,333.54,51.65,156.05,24.11,0.0,38.06,904.46,354.43
2025-01-12 01:00:00,40.39,378.07,51.37,155.47,23.92,0.0,38.2,889.32,333.62
2025-01-12 02:00:00,42.92,378.05,51.54,155.4,23.96,0.0,38.38,879.88,318.13
2025-01-12 03:00:00,39.37,404.03,51.71,155.26,24.02,0.0,38.26,849.95,304.78
2025-01-12 04:00:00,38.41,474.79,54.78,160.48,24.98,0.0,38.43,791.22,290.51
2025-01-12 05:00:00,48.09,476.53,73.7,191.19,30.89,0.0,41.69,831.51,286.48
2025-01-12 06:00:00,65.77,477.59,87.89,214.65,35.51,0.0,50.43,835.69,301.06
2025-01-12 07:00:00,101.75,479.66,98.38,229.92,40.29,0.0,51.72,818.57,278.04
2025-01-12 08:00:00,114.67,479.73,126.84,232.26,40.72,3.45,51.17,758.68,231.44
2025-01-12 09:00:00,120.07,481.38,134.44,233.04,40.89,76.78,51.68,718.38,194.76
2025-01-12 10:00:00,117.77,483.39,133.95,232.81,40.82,208.66,51.51,678.32,175.37
2025-01-12 11:00:00,105.61,481.34,133.94,232.64,40.79,303.62,51.69,645.49,195.91
2025-01-12 12:00:00,102.99,481.97,133.32,231.6,40.61,335.07,51.31,433.44,227.76
2025-01-12 13:00:00,99.61,482.09,129.13,216.12,39.18,285.79,50.99,377.76,219.64
2025-01-12 14:00:00,104.74,483.3,125.16,196.15,37.91,171.74,50.79,378.68,217.34
2025-01-12 15:00:00,118.7,480.85,126.79,175.01,37.18,59.49,50.12,298.05,146.51
2025-01-12 16:00:00,132.92,484.79,142.12,221.76,39.79,1.75,50.99,217.62,131.54
2025-01-12 17:00:00,141.0,484.78,154.97,234.67,41.24,0.0,52.03,136.47,113.42
2025-01-12 18:00:00,146.66,483.29,152.38,230.54,40.48,0.0,51.37,90.48,80.53
2025-01-12 19:00:00,143.66,481.62,152.39,233.92,41.19,0.0,51.68,55.49,67.62
2025-01-12 20:00:00,134.86,484.51,163.52,237.2,41.75,0.0,52.03,27.14,27.03
2025-01-12 21:00:00,127.49,481.15,141.1,230.02,40.39,3.37,51.4,11.36,16.4
2025-01-12 22:00:00,121.2,483.22,143.07,229.48,40.21,1.99,50.77,9.36,10.79
2025-01-12 23:00:00,114.9,481.87,109.17,227.76,39.78,0.0,58.23,5.69,9.67
2025-01-13 00:00:00,112.39,473.03,85.62,210.25,36.41,0.01,52.49,5.48,9.26
2025-01-13 01:00:00,105.07,472.3,71.56,188.55,32.24,0.0,48.69,4.5,14.95
2025-01-13 02:00:00,104.46,471.24,71.09,186.84,32.09,0.0,47.82,20.29,19.42
2025-01-13 03:00:00,100.37,471.23,73.42,190.71,32.83,0.0,48.83,48.29,28.77
2025-01-13 04:00:00,96.53,473.04,86.39,210.31,36.59,0.0,50.77,60.05,37.39
2025-01-13 05:00:00,91.85,476.17,112.39,208.75,36.3,0.0,46.93,85.86,44.13
2025-01-13 06:00:00,129.7,470.02,113.76,211.0,36.69,0.0,46.76,101.48,68.21
2025-01-13 07:00:00,181.92,469.03,125.15,214.58,37.41,0.0,48.64,147.11,72.79
2025-01-13 08:00:00,223.09,466.47,125.25,216.04,37.68,4.13,48.16,128.48,86.5
2025-01-13 09:00:00,174.1,407.45,141.36,218.82,38.07,60.39,49.64,237.31,119.64
2025-01-13 10:00:00,125.6,399.28,112.45,213.81,37.09,137.21,49.89,371.85,152.72
2025-01-13 11:00:00,99.08,390.94,111.25,217.3,37.75,119.91,56.45,542.68,226.52
2025-01-13 12:00:00,83.96,390.54,105.62,218.22,37.93,107.41,50.25,648.04,234.68
2025-01-13 13:00:00,82.57,389.86,105.39,212.14,36.76,82.89,50.5,669.14,266.79
2025-01-13 14:00:00,86.72,401.84,96.89,210.31,36.41,59.13,50.71,724.99,290.15
2025-01-13 15:00:00,100.89,468.43,87.14,212.63,36.86,19.12,49.64,782.52,317.59
2025-01-13 16:00:00,107.27,471.03,86.92,213.43,37.01,0.32,49.28,830.27,352.03
2025-01-13 17:00:00,111.77,471.57,90.7,213.88,37.09,0.0,50.07,896.06,389.63
2025-01-13 18:00:00,99.38,473.85,105.69,217.55,37.8,0.0,45.07,910.14,397.23
2025-01-13 19:00:00,71.08,468.61,99.79,214.13,37.14,0.0,42.3,900.36,409.44
2025-01-13 20:00:00,29.43,466.83,105.86,216.63,37.62,0.0,42.46,917.06,403.23
2025-01-13 21:00:00,16.73,467.02,82.69,206.02,35.46,0.0,41.73,911.9,403.67
2025-01-13 22:00:00,3.7,469.62,79.51,238.34,34.69,0.0,39.59,899.27,411.5
2025-01-13 23:00:00,3.68,469.68,76.29,238.54,33.69,0.0,39.69,811.96,424.57
2025-01-14 00:00:00,12.17,431.97,72.68,232.64,28.81,0.0,40.63,909.29,436.99
2025-01-14 01:00:00,9.28,408.12,71.95,231.45,22.33,0.0,40.1,909.06,436.55
2025-01-14 02:00:00,5.0,415.82,71.87,231.42,22.31,0.0,39.77,902.65,419.4
2025-01-14 03:00:00,3.69,442.85,72.15,231.78,22.39,0.0,39.72,837.03,417.64
2025-01-14 04:00:00,3.69,417.65,71.97,231.51,22.34,0.0,39.62,846.88,411.19
2025-01-14 05:00:00,3.7,349.32,69.23,227.05,21.48,0.0,39.63,891.49,420.59
2025-01-14 06:00:00,23.0,371.07,71.44,230.38,22.53,0.0,39.56,897.06,414.54
2025-01-14 07:00:00,55.0,413.78,72.22,195.31,30.48,0.0,40.66,909.65,424.21
2025-01-14 08:00:00,95.82,404.38,67.33,177.1,30.24,0.3,39.66,892.66,417.48
2025-01-14 09:00:00,103.24,434.77,77.32,192.5,33.37,10.79,41.97,867.87,390.02
2025-01-14 10:00:00,79.23,428.95,76.54,192.63,33.74,13.95,40.73,884.97,395.56
2025-01-14 11:00:00,75.63,462.96,75.55,193.18,33.44,23.01,40.89,879.45,403.38
2025-01-14 12:00:00,62.37,462.59,74.96,192.91,33.26,31.77,41.01,875.73,412.78
2025-01-14 13:00:00,55.0,478.15,76.58,195.27,33.75,29.64,40.89,887.62,416.45
2025-01-14 14:00:00,47.0,466.73,78.03,197.13,34.18,20.25,41.86,901.24,412.17
2025-01-14 15:00:00,42.6,449.56,83.08,205.47,35.74,4.56,48.89,908.41,402.95
2025-01-14 16:00:00,103.29,429.24,85.36,209.7,36.45,0.0,50.18,911.77,382.86
2025-01-14 17:00:00,125.91,441.09,86.74,211.83,36.87,0.0,49.83,901.35,373.52
2025-01-14 18:00:00,117.18,478.26,86.25,207.3,36.72,0.0,50.79,915.97,397.66
2025-01-14 19:00:00,93.64,391.66,84.07,189.0,36.04,0.0,50.72,929.48,380.12
2025-01-14 20:00:00,42.52,363.01,80.38,169.87,34.89,0.0,49.06,936.15,392.18
2025-01-14 21:00:00,30.09,447.77,79.98,169.2,34.75,0.0,43.34,927.48,371.83
2025-01-14 22:00:00,25.67,499.82,80.23,169.61,34.83,0.0,41.03,864.85,284.29
2025-01-14 23:00:00,27.16,499.48,80.85,170.99,35.03,0.0,40.87,806.48,244.92
2025-01-15 00:00:00,78.05,415.69,81.28,172.42,28.87,0.0,41.07,808.72,191.24
2025-01-15 01:00:00,79.99,408.25,81.32,172.89,25.2,0.0,41.23,798.49,140.63
2025-01-15 02:00:00,72.76,441.27,81.34,173.04,25.22,0.0,41.25,701.16,116.42
2025-01-15 03:00:00,58.32,456.76,82.0,173.49,25.42,0.0,40.8,712.16,147.16
2025-01-15 04:00:00,64.99,452.65,83.37,178.0,25.85,0.0,41.83,763.4,176.5
2025-01-15 05:00:00,114.93,491.78,85.79,196.09,26.28,0.0,41.96,678.81,174.55
2025-01-15 06:00:00,134.04,507.83,115.24,211.03,26.91,0.0,48.55,415.97,171.73
2025-01-15 07:00:00,191.79,558.04,113.24,190.87,22.88,0.0,47.71,296.02,136.18
2025-01-15 08:00:00,307.25,522.26,116.38,189.83,23.56,7.55,47.87,243.35,90.97
2025-01-15 09:00:00,315.03,497.27,120.95,195.55,31.2,62.77,48.45,159.31,64.35
2025-01-15 10:00:00,311.03,468.43,141.57,229.94,40.04,187.34,53.9,127.48,42.72
2025-01-15 11:00:00,304.81,483.22,139.35,214.72,43.19,191.49,61.07,104.47,30.31
2025-01-15 12:00:00,311.03,519.28,116.08,188.43,32.46,165.42,49.63,45.3,22.66
2025-01-15 13:00:00,309.35,517.18,117.32,189.53,32.67,139.07,38.56,8.93,9.11
2025-01-15 14:00:00,285.83,522.52,120.21,193.89,33.91,86.68,43.29,7.94,8.16
2025-01-15 15:00:00,287.79,521.51,119.57,194.03,33.79,26.98,41.09,20.84,9.83
2025-01-15 16:00:00,333.52,526.11,120.32,196.34,34.17,0.75,47.04,25.99,24.88
2025-01-15 17:00:00,377.99,529.7,119.76,180.75,34.08,0.0,44.44,40.94,48.55
2025-01-15 18:00:00,324.74,538.86,122.48,124.86,34.95,0.0,51.93,87.56,39.83
2025-01-15 19:00:00,270.09,534.48,122.43,168.59,34.96,0.0,61.67,77.63,22.68
2025-01-15 20:00:00,175.03,512.95,133.42,194.13,38.34,0.0,56.23,63.81,32.36
2025-01-15 21:00:00,140.63,498.71,92.96,201.88,38.19,0.0,58.73,52.11,52.42
2025-01-15 22:00:00,138.42,463.54,90.66,205.57,38.68,0.0,65.19,99.69,71.8
2025-01-15 23:00:00,111.28,507.94,87.65,207.18,37.6,0.0,52.73,169.24,82.48
2025-01-16 00:00:00,125.74,467.23,85.47,200.03,36.54,0.0,50.26,185.83,104.35
2025-01-16 01:00:00,115.09,465.86,86.66,201.62,36.91,0.0,50.15,295.13,124.45
2025-01-16 02:00:00,104.57,509.9,86.97,209.96,36.98,0.0,50.26,432.35,142.39
2025-01-16 03:00:00,83.79,508.07,83.37,205.21,35.91,0.0,49.95,591.01,166.55
2025-01-16 04:00:00,82.93,423.66,85.24,208.36,36.45,0.0,50.18,633.16,179.58
2025-01-16 05:00:00,93.39,413.61,81.99,202.96,35.43,0.0,48.75,633.51,192.59
2025-01-16 06:00:00,117.58,389.27,83.34,204.84,35.89,0.0,48.11,619.3,196.22
2025-01-16 07:00:00,149.8,466.52,89.66,203.88,35.34,0.0,47.5,617.28,245.96
2025-01-16 08:00:00,177.3,485.73,86.09,210.09,36.5,0.65,46.39,666.06,248.09
2025-01-16 09:00:00,160.24,402.55,113.54,217.88,38.22,12.37,47.61,615.92,238.81
2025-01-16 10:00:00,137.3,282.21,92.77,207.67,36.14,45.07,46.95,557.04,251.92
2025-01-16 11:00:00,111.06,258.48,120.16,211.69,42.45,67.82,48.57,585.33,254.44
2025-01-16 12:00:00,104.16,269.12,113.98,214.37,37.6,63.58,48.54,569.67,243.81
2025-01-16 13:00:00,101.75,310.49,91.96,200.66,34.83,51.05,47.86,622.3,243.84
2025-01-16 14:00:00,106.38,444.07,96.68,200.1,34.75,30.47,47.73,652.21,231.37
2025-01-16 15:00:00,125.72,467.98,133.3,208.12,35.95,8.48,47.67,581.25,233.86
2025-01-16 16:00:00,151.56,502.56,137.97,206.73,35.67,0.21,48.32,582.1,245.52
2025-01-16 17:00:00,172.6,520.53,142.53,214.17,37.06,0.0,49.12,554.33,240.53
2025-01-16 18:00:00,173.32,564.58,135.8,196.87,33.76,0.0,47.55,652.6,248.76
2025-01-16 19:00:00,139.87,556.75,129.61,194.08,33.22,0.0,47.05,694.11,240.19
2025-01-16 20:00:00,122.17,556.37,96.02,191.98,32.97,0.0,47.45,654.39,251.54
2025-01-16 21:00:00,109.2,558.74,84.09,181.88,31.05,0.0,46.23,632.54,264.05
2025-01-16 22:00:00,104.69,575.02,73.82,180.31,30.65,0.0,47.02,628.25,285.11
2025-01-16 23:00:00,96.71,566.1,66.22,179.42,30.49,0.0,47.03,631.43,279.76
2025-01-17 00:00:00,80.53,486.34,83.71,200.39,34.3,0.0,49.89,525.11,254.25
2025-01-17 01:00:00,87.08,528.56,84.13,158.97,32.36,0.0,48.3,491.07,203.66
2025-01-17 02:00:00,86.24,535.19,79.71,150.74,31.28,0.0,48.09,492.37,170.99
2025-01-17 03:00:00,85.98,481.28,82.68,172.85,35.39,0.0,49.89,492.63,153.99
2025-01-17 04:00:00,87.64,528.04,80.34,155.85,32.1,0.0,48.15,403.67,150.71
2025-01-17 05:00:00,93.55,502.74,84.88,174.54,35.18,0.0,49.33,323.37,156.74
2025-01-17 06:00:00,119.34,524.11,88.93,200.47,34.81,0.0,49.75,296.05,173.79
2025-01-17 07:00:00,144.34,560.89,82.63,190.4,32.65,0.0,53.3,263.14,152.4
2025-01-17 08:00:00,166.47,555.57,90.8,193.48,33.4,0.35,48.95,247.48,154.86
2025-01-17 09:00:00,146.91,554.02,146.25,201.22,133.08,9.22,66.75,289.43,166.27
2025-01-17 10:00:00,129.77,510.29,77.44,175.67,73.67,27.33,48.65,307.18,166.1
2025-01-17 11:00:00,115.67,496.71,86.5,183.02,31.68,41.59,48.03,265.42,165.28
2025-01-17 12:00:00,104.78,508.3,124.18,188.77,43.11,47.78,47.94,259.34,179.89
2025-01-17 13:00:00,102.85,509.67,92.09,200.19,34.9,42.53,48.46,298.38,180.37
2025-01-17 14:00:00,109.62,536.7,92.56,189.96,32.77,28.41,48.07,299.25,187.34
2025-01-17 15:00:00,124.76,547.85,149.67,199.14,178.73,10.51,66.81,280.25,190.81
2025-01-17 16:00:00,141.28,549.33,103.27,190.5,55.85,0.31,49.36,308.85,193.16
2025-01-17 17:00:00,174.7,560.97,85.5,192.97,33.14,0.0,47.43,307.75,196.68
2025-01-17 18:00:00,178.1,568.18,74.53,192.86,33.41,0.0,46.3,383.5,225.39
2025-01-17 19:00:00,171.28,580.62,101.89,202.65,45.57,0.0,49.14,477.96,196.81
2025-01-17 20:00:00,151.42,580.13,103.46,198.54,44.83,0.0,47.78,515.29,156.29
2025-01-17 21:00:00,141.43,561.7,90.46,191.26,33.1,0.0,48.6,482.76,175.49
2025-01-17 22:00:00,130.85,493.19,83.96,208.04,36.07,0.0,50.06,439.83,209.93
2025-01-17 23:00:00,113.55,486.41,88.02,214.66,37.34,0.0,56.54,437.96,208.84
2025-01-18 00:00:00,125.17,492.84,87.25,212.97,36.95,0.0,50.6,457.62,198.27
2025-01-18 01:00:00,121.05,507.18,87.33,212.98,36.12,0.0,49.83,433.66,152.97
2025-01-18 02:00:00,120.98,501.68,87.47,213.1,36.94,0.0,49.7,421.49,117.55
2025-01-18 03:00:00,118.85,505.86,86.65,211.71,36.88,0.0,49.81,266.46,109.86
2025-01-18 04:00:00,116.4,551.45,86.62,188.29,32.36,0.0,48.07,253.24,108.63
2025-01-18 05:00:00,119.77,487.45,85.57,206.68,35.85,0.0,49.58,322.39,103.63
2025-01-18 06:00:00,119.67,515.63,88.16,212.62,37.07,0.0,56.76,350.0,95.93
2025-01-18 07:00:00,120.24,531.64,121.75,221.95,38.8,0.0,64.65,304.52,91.03
2025-01-18 08:00:00,142.38,522.32,127.33,220.52,38.48,0.27,57.99,300.58,67.89
2025-01-18 09:00:00,144.1,425.89,125.6,218.3,37.99,8.32,55.19,255.09,48.18
2025-01-18 10:00:00,131.21,465.15,125.92,219.73,38.19,23.99,57.08,120.38,40.59
2025-01-18 11:00:00,121.56,525.67,127.59,205.14,35.51,34.28,49.68,39.4,35.4
2025-01-18 12:00:00,118.87,551.22,109.55,188.51,32.27,33.33,48.34,21.06,21.47
2025-01-18 13:00:00,115.01,548.99,105.65,186.1,31.75,27.49,48.94,22.27,15.68
2025-01-18 14:00:00,119.32,565.94,124.16,194.53,33.25,13.45,49.05,28.74,10.78
2025-01-18 15:00:00,133.32,470.38,113.5,196.37,32.78,3.91,56.25,24.16,13.41
2025-01-18 16:00:00,149.71,536.64,111.51,195.86,32.71,0.04,59.28,17.35,11.83
2025-01-18 17:00:00,164.59,581.34,110.87,195.04,32.58,0.0,58.65,19.48,14.16
2025-01-18 18:00:00,167.57,563.03,107.68,189.31,31.47,0.0,48.26,36.63,15.14
2025-01-18 19:00:00,167.85,557.88,108.19,191.2,31.73,0.0,53.75,47.67,12.81
2025-01-18 20:00:00,156.12,456.54,120.43,211.24,35.55,0.0,49.87,32.96,12.67
2025-01-18 21:00:00,143.42,410.63,87.25,210.69,35.46,0.0,50.23,36.08,10.97
2025-01-18 22:00:00,136.4,437.86,97.79,215.2,36.39,0.0,50.66,13.39,9.49
2025-01-18 23:00:00,129.36,441.37,86.77,211.07,35.64,0.0,50.47,8.48,11.52
2025-01-19 00:00:00,129.73,500.52,69.6,185.48,30.71,0.0,48.01,4.85,11.63
2025-01-19 01:00:00,124.2,503.07,70.03,186.29,30.84,0.0,48.37,17.15,10.5
2025-01-19 02:00:00,123.05,504.17,71.4,188.56,31.28,0.0,53.33,21.56,10.63
2025-01-19 03:00:00,121.24,505.28,66.8,181.14,29.83,0.0,47.65,13.13,11.02
2025-01-19 04:00:00,120.18,502.99,66.98,181.28,29.88,0.0,48.11,4.12,10.03
2025-01-19 05:00:00,120.0,502.45,70.33,180.98,29.85,0.0,46.3,6.27,9.66
2025-01-19 06:00:00,121.57,506.85,66.38,178.12,29.33,0.0,46.99,9.13,9.28
2025-01-19 07:00:00,123.33,531.65,93.1,178.6,29.36,0.0,44.95,3.92,9.15
2025-01-19 08:00:00,123.59,524.51,97.61,185.19,30.58,1.75,50.43,5.14,9.33
2025-01-19 09:00:00,125.16,535.28,95.86,183.08,30.1,27.68,46.99,5.39,10.06
2025-01-19 10:00:00,125.19,525.54,95.06,181.88,29.91,72.52,44.14,5.42,8.82
2025-01-19 11:00:00,121.56,522.54,95.51,182.36,30.09,112.53,42.97,5.34,8.38
2025-01-19 12:00:00,112.25,531.75,97.52,185.77,30.69,142.81,49.37,10.75,7.89
2025-01-19 13:00:00,107.51,527.42,95.28,182.11,29.99,144.54,43.52,10.5,8.4
2025-01-19 14:00:00,116.81,528.65,107.33,183.82,30.29,103.36,43.74,18.14,11.5
2025-01-19 15:00:00,126.29,533.5,101.05,185.51,30.6,38.49,45.02,25.31,15.16
2025-01-19 16:00:00,140.15,531.67,108.76,191.24,32.48,2.33,48.06,25.99,27.03
2025-01-19 17:00:00,149.68,536.79,121.23,197.7,34.01,0.0,45.44,33.83,41.8
2025-01-19 18:00:00,159.04,545.19,124.05,199.74,34.22,0.0,48.82,34.47,57.72
2025-01-19 19:00:00,156.6,547.28,112.07,197.44,33.56,0.0,52.79,42.62,63.86
2025-01-19 20:00:00,149.06,529.73,107.91,191.48,31.58,0.0,43.75,56.69,75.08
2025-01-19 21:00:00,139.26,531.22,106.68,190.01,31.36,0.0,49.08,84.79,81.99
2025-01-19 22:00:00,130.99,534.46,70.56,184.42,23.05,0.0,45.0,123.5,87.38
2025-01-19 23:00:00,122.94,536.32,68.75,185.29,21.45,0.0,47.61,126.71,92.08
2025-01-20 00:00:00,122.27,535.28,66.1,180.83,20.62,0.0,46.85,133.68,119.11
2025-01-20 01:00:00,119.44,534.66,68.42,184.41,21.34,0.0,46.97,144.19,130.08
2025-01-20 02:00:00,116.56,529.94,68.73,184.71,21.43,0.0,45.88,189.23,131.82
2025-01-20 03:00:00,114.41,505.03,68.86,184.83,21.46,0.0,46.17,243.35,122.9
2025-01-20 04:00:00,115.45,515.83,69.94,187.2,21.79,0.0,50.68,244.86,124.46
2025-01-20 05:00:00,127.54,512.98,69.09,185.66,21.52,0.0,48.08,301.79,133.29
2025-01-20 06:00:00,161.71,539.33,75.23,194.26,23.17,0.0,54.12,321.32,131.71
2025-01-20 07:00:00,276.47,558.26,106.47,197.0,24.71,0.0,48.71,274.3,124.21
2025-01-20 08:00:00,431.96,578.96,114.58,198.43,32.98,5.88,47.66,293.85,99.73
2025-01-20 09:00:00,291.67,590.29,119.04,199.23,34.35,75.6,48.49,278.52,83.5
2025-01-20 10:00:00,236.28,577.47,129.08,211.12,37.07,189.46,53.83,247.85,61.45
2025-01-20 11:00:00,187.47,537.68,130.95,213.69,38.06,248.62,50.46,210.44,39.69
2025-01-20 12:00:00,175.99,542.61,134.0,213.63,38.04,250.69,52.17,133.68,34.34
2025-01-20 13:00:00,171.38,533.64,153.95,218.83,38.49,224.47,52.56,88.95,23.9
2025-01-20 14:00:00,191.84,571.48,148.5,208.07,35.97,115.88,50.21,136.22,25.79
2025-01-20 15:00:00,277.17,615.04,148.84,209.03,36.17,28.74,54.01,121.0,23.66
2025-01-20 16:00:00,402.12,635.43,155.52,219.23,38.9,1.51,58.34,48.52,21.23
2025-01-20 17:00:00,583.4,638.3,153.76,216.09,40.53,0.0,50.48,55.5,26.02
2025-01-20 18:00:00,473.28,638.66,154.01,216.97,40.69,0.0,50.65,20.07,40.15
2025-01-20 19:00:00,295.57,641.58,154.28,217.36,40.79,0.0,50.55,79.64,57.62
2025-01-20 20:00:00,220.0,572.14,153.37,216.25,38.71,0.0,50.0,204.03,60.35
2025-01-20 21:00:00,170.0,533.46,164.48,233.71,41.13,0.0,51.34,212.21,54.4
2025-01-20 22:00:00,152.5,532.19,132.39,233.78,41.28,0.0,51.44,175.38,80.49
2025-01-20 23:00:00,137.98,525.49,129.53,233.56,41.2,0.0,51.06,165.84,94.72
2025-01-21 00:00:00,127.52,516.04,128.65,232.26,40.84,0.0,50.74,181.23,120.87
2025-01-21 01:00:00,121.65,520.56,124.46,226.21,39.54,0.0,49.21,200.38,139.11
2025-01-21 02:00:00,116.67,529.98,126.55,229.68,40.19,0.0,63.11,241.81,136.9
2025-01-21 03:00:00,113.85,524.57,126.7,230.32,40.32,0.0,65.12,225.71,123.25
2025-01-21 04:00:00,112.32,526.48,125.35,228.01,39.88,0.0,61.93,242.53,132.44
2025-01-21 05:00:00,112.81,528.77,125.59,227.51,39.95,0.0,63.65,270.28,135.59
2025-01-21 06:00:00,142.2,533.16,132.13,237.29,41.74,0.0,62.41,279.39,128.99
2025-01-21 07:00:00,190.06,539.37,164.28,242.47,42.64,0.0,63.28,317.9,139.86
2025-01-21 08:00:00,248.32,537.12,161.58,237.15,41.6,0.09,52.06,333.51,141.97
2025-01-21 09:00:00,211.68,529.51,158.65,228.99,40.03,6.21,50.97,424.12,138.13
2025-01-21 10:00:00,198.05,459.75,166.12,236.87,41.62,19.12,62.29,459.44,141.37
2025-01-21 11:00:00,161.5,451.38,168.47,240.48,42.31,32.69,58.67,357.78,155.55
2025-01-21 12:00:00,147.44,512.53,167.6,237.81,41.78,42.21,54.21,390.5,124.29
2025-01-21 13:00:00,142.83,522.76,166.72,236.54,41.54,36.77,58.7,309.17,111.72
2025-01-21 14:00:00,150.05,522.1,165.95,235.13,41.33,24.96,52.07,235.34,104.05
2025-01-21 15:00:00,173.42,529.56,163.77,231.33,40.78,9.41,51.0,304.26,98.57
2025-01-21 16:00:00,212.13,534.39,168.18,238.26,42.92,0.72,52.91,355.96,100.29
2025-01-21 17:00:00,301.15,524.55,173.56,246.22,45.03,0.0,57.23,345.59,127.29
2025-01-21 18:00:00,251.93,522.54,176.36,243.61,44.89,0.0,52.04,417.26,182.9
2025-01-21 19:00:00,202.68,528.15,176.6,243.85,43.67,0.0,54.77,467.72,195.88
2025-01-21 20:00:00,174.84,532.96,170.88,242.49,42.69,0.0,52.69,435.86,151.64
2025-01-21 21:00:00,155.18,538.0,173.46,238.29,41.88,0.0,55.22,337.16,108.16
2025-01-21 22:00:00,138.6,522.8,133.26,235.14,41.26,0.0,51.59,268.55,97.52
2025-01-21 23:00:00,125.29,443.43,132.86,239.04,41.99,0.0,52.48,218.71,91.46
2025-01-22 00:00:00,128.0,270.38,129.14,231.95,40.83,0.0,51.12,193.6,90.55
2025-01-22 01:00:00,125.06,268.47,136.26,243.98,43.06,0.0,66.95,188.47,79.76
2025-01-22 02:00:00,122.22,269.74,136.69,245.05,43.2,0.0,69.09,203.18,82.48
2025-01-22 03:00:00,121.65,270.96,127.68,229.33,40.38,0.0,51.39,182.93,73.36
2025-01-22 04:00:00,123.16,272.06,127.87,229.97,40.45,0.0,51.23,163.66,67.93
2025-01-22 05:00:00,128.32,268.1,128.48,231.37,40.65,0.0,51.6,166.97,60.13
2025-01-22 06:00:00,156.92,267.29,132.62,238.72,41.91,0.0,60.69,182.37,51.75
2025-01-22 07:00:00,208.23,269.14,134.11,240.83,43.52,0.0,60.32,199.88,52.24
2025-01-22 08:00:00,238.57,266.43,136.66,244.65,45.41,1.27,64.38,208.82,53.15
2025-01-22 09:00:00,199.4,265.61,142.72,246.13,45.25,25.16,68.9,208.4,58.89
2025-01-22 10:00:00,179.06,265.34,131.4,235.99,43.29,58.2,51.08,181.46,57.0
2025-01-22 11:00:00,172.94,263.57,134.71,237.31,43.52,94.32,58.45,148.81,78.92
2025-01-22 12:00:00,165.0,261.41,161.23,236.78,43.51,107.21,61.28,161.05,88.81
2025-01-22 13:00:00,170.0,260.82,162.31,229.75,42.12,110.64,51.06,217.72,110.63
2025-01-22 14:00:00,179.92,231.89,163.25,230.91,39.89,72.91,50.95,303.27,122.62
2025-01-22 15:00:00,195.67,217.48,166.1,234.71,40.14,29.38,56.48,277.72,126.23
2025-01-22 16:00:00,199.04,216.79,165.96,234.97,40.85,1.97,50.2,335.45,166.2
2025-01-22 17:00:00,208.99,216.85,167.69,237.2,41.66,0.0,53.42,396.96,195.55
2025-01-22 18:00:00,180.43,218.02,167.67,237.22,41.64,0.0,51.53,514.97,191.23
2025-01-22 19:00:00,167.08,217.02,167.79,237.62,41.71,0.0,51.45,599.18,200.46
2025-01-22 20:00:00,134.49,217.05,166.58,235.62,41.35,0.0,51.7,673.78,181.71
2025-01-22 21:00:00,127.78,211.19,156.25,230.65,40.39,0.0,50.4,744.46,183.17
2025-01-22 22:00:00,128.09,210.74,121.65,230.19,40.32,0.0,49.35,714.06,179.14
2025-01-22 23:00:00,78.66,215.8,118.11,228.76,40.09,0.0,52.86,657.48,179.43
2025-01-23 00:00:00,59.81,216.53,82.97,190.3,35.38,0.0,46.86,687.67,186.98
2025-01-23 01:00:00,55.84,219.38,71.13,139.02,32.1,0.0,49.23,733.46,204.8
2025-01-23 02:00:00,51.01,221.64,59.32,122.43,28.4,0.0,48.55,695.72,200.84
2025-01-23 03:00:00,46.84,217.69,59.2,117.75,20.63,0.0,43.98,728.25,206.2
2025-01-23 04:00:00,41.82,211.1,67.48,130.13,20.95,0.0,45.34,707.86,199.72
2025-01-23 05:00:00,38.15,217.0,84.15,174.31,26.16,0.0,47.1,681.06,182.55
2025-01-23 06:00:00,90.66,207.97,95.89,224.66,29.56,0.0,49.8,674.94,181.92
2025-01-23 07:00:00,136.6,208.75,128.35,231.44,31.77,0.0,48.79,684.88,181.28
2025-01-23 08:00:00,159.03,202.59,134.63,233.64,39.4,0.04,49.29,803.79,181.22
2025-01-23 09:00:00,148.24,214.79,137.91,234.33,40.77,8.04,53.82,792.74,176.42
2025-01-23 10:00:00,117.87,216.81,127.81,230.84,40.34,32.71,59.3,750.03,172.81
2025-01-23 11:00:00,109.44,216.15,95.09,225.09,39.21,39.14,53.33,770.59,240.17
2025-01-23 12:00:00,92.63,215.43,93.96,224.65,39.22,33.42,44.14,821.22,315.9
2025-01-23 13:00:00,85.37,213.33,91.8,219.9,38.52,47.22,43.48,871.8,374.7
2025-01-23 14:00:00,73.23,216.5,92.08,221.35,38.64,69.84,46.8,881.65,380.89
2025-01-23 15:00:00,64.11,209.41,82.35,206.6,35.58,32.02,45.48,913.55,407.93
2025-01-23 16:00:00,87.62,216.03,51.52,156.6,25.95,3.18,38.39,924.69,407.09
2025-01-23 17:00:00,100.99,218.3,52.6,158.03,26.28,0.0,38.39,926.22,426.05
2025-01-23 18:00:00,99.89,237.97,53.36,158.78,26.57,0.0,38.72,935.24,436.18
2025-01-23 19:00:00,87.49,234.18,98.63,170.61,125.52,0.0,52.87,938.46,427.33
2025-01-23 20:00:00,71.06,244.44,56.63,158.53,54.7,0.0,38.64,906.24,371.84
2025-01-23 21:00:00,66.21,243.68,56.73,163.23,27.59,0.0,38.98,915.21,333.9
2025-01-23 22:00:00,65.95,245.72,83.13,206.3,35.83,0.0,42.28,905.87,310.12
2025-01-23 23:00:00,53.11,246.15,84.6,209.71,36.29,0.0,42.33,912.43,301.4
2025-01-24 00:00:00,37.28,245.77,82.54,206.7,29.38,0.0,43.34,903.95,287.13
2025-01-24 01:00:00,39.99,245.78,78.04,199.48,24.24,0.0,42.03,886.26,298.41
2025-01-24 02:00:00,41.53,243.8,50.62,154.58,15.68,0.0,38.28,866.2,296.81
2025-01-24 03:00:00,37.74,245.33,48.18,150.33,14.91,0.0,37.3,885.38,325.3
2025-01-24 04:00:00,36.11,242.83,48.62,151.07,15.04,0.0,37.28,860.54,340.97
2025-01-24 05:00:00,36.88,243.3,48.33,150.59,14.95,0.0,37.45,869.9,347.68
2025-01-24 06:00:00,40.71,248.22,54.32,160.39,16.83,0.0,39.39,855.44,345.85
2025-01-24 07:00:00,70.28,254.18,75.68,195.17,24.17,0.0,40.49,841.14,357.21
2025-01-24 08:00:00,80.06,256.87,80.31,203.08,32.74,3.28,41.86,897.03,339.47
2025-01-24 09:00:00,59.53,258.12,81.95,205.67,35.6,39.51,41.78,897.67,337.87
2025-01-24 10:00:00,47.06,277.84,77.66,178.98,34.07,83.98,40.87,885.57,363.32
2025-01-24 11:00:00,41.83,247.57,70.48,133.44,31.88,115.65,40.45,893.04,367.87
2025-01-24 12:00:00,37.15,250.9,72.29,128.23,32.43,119.49,40.68,872.28,364.32
2025-01-24 13:00:00,58.24,251.66,71.49,126.41,32.18,47.46,40.29,927.95,370.42
2025-01-24 14:00:00,51.36,277.25,71.92,126.06,32.31,21.8,40.23,939.53,446.74
2025-01-24 15:00:00,48.45,279.32,81.41,143.08,35.27,12.03,42.7,929.36,472.23
2025-01-24 16:00:00,65.44,278.49,81.07,183.61,35.17,0.4,46.82,946.04,489.26
2025-01-24 17:00:00,41.59,252.62,79.6,201.14,34.7,0.0,41.89,946.69,503.12
2025-01-24 18:00:00,30.94,235.45,79.54,201.21,34.69,0.0,41.6,945.64,511.87
2025-01-24 19:00:00,41.59,248.15,79.63,201.3,31.87,0.0,41.73,947.23,499.16
2025-01-24 20:00:00,37.94,209.82,59.62,166.76,18.43,0.0,38.92,942.42,475.33
2025-01-24 21:00:00,29.88,197.41,39.25,110.47,12.05,0.0,34.16,940.26,449.5
2025-01-24 22:00:00,19.05,197.86,43.84,99.68,13.46,0.0,35.49,941.11,433.26
2025-01-24 23:00:00,17.0,197.23,44.51,101.5,13.68,0.0,35.31,939.7,411.01
2025-01-25 00:00:00,16.92,198.8,48.01,108.4,14.78,0.0,35.77,934.45,392.86
2025-01-25 01:00:00,21.9,199.44,60.86,129.32,18.8,0.0,37.61,922.27,369.56
2025-01-25 02:00:00,38.74,201.51,89.01,174.98,27.61,0.0,40.9,898.97,340.14
2025-01-25 03:00:00,27.26,203.44,91.31,178.36,28.35,0.0,41.8,869.8,320.04
2025-01-25 04:00:00,24.59,205.81,90.26,178.35,28.01,0.0,42.84,827.9,317.43
2025-01-25 05:00:00,21.21,234.12,88.89,188.51,27.6,0.0,42.72,785.67,286.46
2025-01-25 06:00:00,29.8,256.47,78.81,188.23,24.43,0.0,40.18,705.2,229.49
2025-01-25 07:00:00,47.14,263.31,76.79,196.72,23.8,0.0,41.26,513.53,199.91
2025-01-25 08:00:00,73.59,256.04,76.97,171.55,26.42,0.92,40.87,465.01,177.15
2025-01-25 09:00:00,87.31,258.15,67.11,131.18,30.45,9.23,44.42,271.69,122.22
2025-01-25 10:00:00,86.32,256.73,67.39,127.76,30.86,28.61,44.7,84.94,103.84
2025-01-25 11:00:00,88.15,256.1,67.51,130.38,30.92,67.71,44.18,12.83,77.41
2025-01-25 12:00:00,82.55,255.09,78.94,146.57,34.49,80.25,41.7,10.92,65.98
2025-01-25 13:00:00,81.98,242.16,80.89,155.22,35.11,117.9,37.53,30.4,87.11
2025-01-25 14:00:00,89.0,242.35,84.5,181.75,36.21,102.35,38.14,99.36,137.35
2025-01-25 15:00:00,111.07,257.12,103.8,225.9,39.79,39.49,45.7,167.27,235.12
2025-01-25 16:00:00,132.97,216.31,124.54,228.29,40.15,7.94,46.84,245.14,259.57
2025-01-25 17:00:00,145.85,260.8,127.2,231.45,40.79,0.0,47.38,495.84,277.0
2025-01-25 18:00:00,151.0,258.59,127.17,232.77,40.89,0.0,47.14,732.26,300.89
2025-01-25 19:00:00,144.35,260.22,126.44,230.99,40.53,0.0,47.53,790.38,235.83
2025-01-25 20:00:00,130.75,258.79,125.87,230.95,40.48,0.0,46.87,612.59,182.53
2025-01-25 21:00:00,126.75,266.87,99.59,231.92,40.65,0.0,47.84,403.45,186.51
2025-01-25 22:00:00,124.5,262.61,98.07,231.2,40.5,0.0,46.6,301.51,168.39
2025-01-25 23:00:00,114.99,267.37,97.85,230.79,40.44,0.0,47.47,172.14,120.1
2025-01-26 00:00:00,126.21,294.6,98.03,230.65,34.21,0.0,48.25,130.05,77.33
2025-01-26 01:00:00,115.79,299.2,98.1,230.51,30.52,0.0,47.18,123.45,59.26
2025-01-26 02:00:00,111.3,297.21,98.07,230.67,30.51,0.0,48.06,63.02,25.02
2025-01-26 03:00:00,106.84,298.42,97.92,229.9,30.45,0.0,48.37,14.8,12.22
2025-01-26 04:00:00,105.43,299.97,98.07,231.16,30.5,0.0,48.75,5.43,10.35
2025-01-26 05:00:00,103.06,302.58,97.3,230.05,30.26,0.0,48.34,4.45,12.09
2025-01-26 06:00:00,99.43,305.86,98.04,231.37,30.48,0.0,48.59,5.78,10.36
2025-01-26 07:00:00,111.67,303.98,104.97,233.23,31.5,0.0,45.84,39.3,10.4
2025-01-26 08:00:00,124.17,301.99,106.82,232.78,38.97,2.26,45.74,227.18,12.57
2025-01-26 09:00:00,121.97,306.11,105.05,228.55,40.14,19.26,47.3,198.27,12.01
2025-01-26 10:00:00,105.51,313.99,99.31,229.54,40.44,37.74,57.74,43.26,17.07
2025-01-26 11:00:00,102.58,298.91,89.38,216.27,37.91,69.8,46.94,20.81,13.87
2025-01-26 12:00:00,96.73,297.06,89.35,216.04,37.89,88.65,45.44,18.44,11.52
2025-01-26 13:00:00,90.02,305.22,93.04,222.15,39.05,56.29,48.98,3.35,15.93
2025-01-26 14:00:00,92.52,296.33,93.93,224.87,39.33,47.36,48.35,6.04,17.26
2025-01-26 15:00:00,111.64,298.33,98.2,232.11,40.63,18.93,49.43,35.23,14.37
2025-01-26 16:00:00,125.92,316.76,119.72,233.49,40.91,1.62,49.7,98.38,11.0
2025-01-26 17:00:00,132.77,179.84,131.66,228.2,44.57,0.0,49.2,79.29,9.39
2025-01-26 18:00:00,118.94,38.36,164.79,243.38,53.43,0.0,50.24,51.55,9.02
2025-01-26 19:00:00,90.32,16.7,151.7,205.5,51.58,0.0,50.2,11.44,18.89
2025-01-26 20:00:00,78.93,15.64,95.71,159.28,36.29,0.0,48.35,4.36,23.89
2025-01-26 21:00:00,68.27,13.54,75.87,145.8,33.48,0.0,42.07,22.68,43.95
2025-01-26 22:00:00,43.29,60.91,77.42,164.3,34.18,0.0,40.86,93.46,67.02
2025-01-26 23:00:00,27.68,116.85,79.27,182.24,34.76,0.0,44.5,145.75,90.01
2025-01-27 00:00:00,39.13,131.12,76.0,175.78,28.07,0.0,40.47,186.91,126.45
2025-01-27 01:00:00,34.57,175.84,71.13,160.89,22.1,0.0,40.36,308.45,175.19
2025-01-27 02:00:00,27.06,176.12,65.99,143.97,20.49,0.0,39.17,452.03,217.75
2025-01-27 03:00:00,14.07,99.83,51.75,90.29,16.03,0.0,37.16,585.95,286.71
2025-01-27 04:00:00,10.1,97.3,55.4,104.35,17.17,0.0,36.94,672.63,311.35
2025-01-27 05:00:00,21.7,101.47,76.25,182.32,23.74,0.0,38.85,752.87,350.72
2025-01-27 06:00:00,34.3,104.51,70.16,185.05,21.8,0.0,38.56,866.24,364.82
2025-01-27 07:00:00,56.64,105.48,79.33,198.32,25.6,0.0,48.42,910.32,369.72
2025-01-27 08:00:00,64.28,104.48,66.15,171.1,29.68,0.23,37.98,915.71,409.05
2025-01-27 09:00:00,52.41,104.26,64.01,108.5,26.9,11.62,37.66,936.16,423.34
2025-01-27 10:00:00,43.57,104.3,62.52,112.72,26.69,23.68,36.97,945.38,428.52
2025-01-27 11:00:00,38.63,104.55,54.57,143.8,27.02,50.34,35.63,938.86,438.4
2025-01-27 12:00:00,35.67,102.37,55.47,108.5,26.92,122.71,35.99,938.08,431.06
2025-01-27 13:00:00,36.84,103.67,55.24,107.65,26.99,172.79,37.27,939.95,403.91
2025-01-27 14:00:00,42.41,104.82,68.28,128.55,31.22,127.64,45.24,933.43,373.11
2025-01-27 15:00:00,61.59,105.59,76.28,141.52,33.7,79.33,37.13,931.97,326.04
2025-01-27 16:00:00,70.39,105.47,79.71,159.27,34.79,11.34,38.64,893.5,266.1
2025-01-27 17:00:00,82.99,106.71,93.3,220.86,39.03,4.77,40.32,861.26,215.1
2025-01-27 18:00:00,83.37,106.6,101.18,223.67,39.33,4.79,40.66,665.05,194.35
2025-01-27 19:00:00,73.91,107.38,94.19,223.29,39.19,4.79,40.41,683.31,163.53
2025-01-27 20:00:00,66.47,108.76,93.33,222.8,38.61,4.79,40.91,784.81,116.77
2025-01-27 21:00:00,60.0,106.45,97.24,217.18,28.77,4.79,40.67,549.02,106.05
2025-01-27 22:00:00,57.01,107.6,90.23,207.88,26.15,4.79,39.81,317.16,112.54
2025-01-27 23:00:00,49.92,141.24,79.49,190.92,24.42,4.79,39.45,342.62,210.96
2025-01-28 00:00:00,50.85,178.62,68.99,151.23,21.35,4.79,37.78,390.61,289.88
2025-01-28 01:00:00,47.21,182.54,56.49,135.37,17.45,4.79,35.16,454.09,264.57
2025-01-28 02:00:00,39.48,181.51,45.82,143.96,14.13,4.79,33.63,590.8,242.0
2025-01-28 03:00:00,45.0,182.6,47.85,149.15,14.78,4.79,33.97,802.11,261.47
2025-01-28 04:00:00,49.78,187.93,48.33,150.2,15.05,4.79,33.88,639.77,196.04
2025-01-28 05:00:00,50.17,202.48,55.47,161.1,25.91,4.79,34.88,535.08,211.33
2025-01-28 06:00:00,82.03,231.71,73.57,190.72,33.02,4.79,46.68,581.28,226.62
2025-01-28 07:00:00,125.46,286.26,90.84,209.03,36.27,4.81,44.74,790.58,252.03
2025-01-28 08:00:00,147.5,270.64,95.4,217.43,37.16,17.21,46.31,588.52,169.44
2025-01-28 09:00:00,135.31,266.79,101.65,227.94,39.18,90.95,46.7,486.58,153.62
2025-01-28 10:00:00,120.54,325.56,102.07,231.57,39.19,210.69,46.65,370.23,146.98
2025-01-28 11:00:00,116.34,302.52,102.26,230.57,39.22,285.62,46.14,277.27,103.84
2025-01-28 12:00:00,114.76,296.89,103.42,232.9,39.37,275.52,46.64,161.62,64.1
2025-01-28 13:00:00,117.39,287.56,103.96,222.47,39.31,234.86,45.31,104.29,57.26
2025-01-28 14:00:00,121.33,289.7,104.79,226.15,39.97,122.22,46.41,107.93,52.82
2025-01-28 15:00:00,139.91,293.27,105.05,228.33,40.07,55.82,46.88,133.32,62.89
2025-01-28 16:00:00,147.0,315.71,103.31,214.55,39.47,13.64,46.41,187.56,74.18
2025-01-28 17:00:00,149.6,306.89,129.69,223.75,39.03,4.64,46.43,161.34,85.13
2025-01-28 18:00:00,134.94,315.62,139.22,226.91,39.72,4.72,47.12,178.88,98.15
2025-01-28 19:00:00,128.9,329.98,148.24,233.69,41.08,4.72,48.0,179.2,85.71
2025-01-28 20:00:00,94.76,329.58,111.09,226.86,39.51,4.72,47.5,157.41,79.79
2025-01-28 21:00:00,87.27,319.06,107.26,222.9,30.75,4.72,41.8,173.14,81.39
2025-01-28 22:00:00,79.81,320.1,91.12,191.98,28.08,4.72,38.5,182.86,72.0
2025-01-28 23:00:00,64.43,312.6,90.06,189.7,27.98,4.72,38.65,177.07,67.5
2025-01-29 00:00:00,87.72,290.34,89.51,189.83,27.81,4.72,37.94,175.36,62.49
2025-01-29 01:00:00,83.39,305.54,90.14,191.06,28.02,4.72,38.74,155.69,47.91
2025-01-29 02:00:00,78.16,321.05,92.54,195.83,28.78,4.72,39.45,180.25,45.62
2025-01-29 03:00:00,75.64,319.86,89.68,191.2,27.89,4.72,39.37,182.45,44.6
2025-01-29 04:00:00,77.85,319.44,89.45,191.4,27.82,4.71,40.28,181.52,45.44
2025-01-29 05:00:00,84.64,325.37,94.36,210.33,29.44,4.72,48.65,159.44,48.68
2025-01-29 06:00:00,93.15,308.35,94.45,226.39,36.62,4.72,50.53,197.19,52.11
2025-01-29 07:00:00,141.42,322.02,104.0,230.34,40.14,4.73,50.34,189.12,58.13
2025-01-29 08:00:00,142.54,322.32,131.53,228.27,39.79,12.21,48.7,171.99,64.73
2025-01-29 09:00:00,130.46,329.25,132.41,228.27,39.97,63.28,52.27,188.97,73.18
2025-01-29 10:00:00,105.06,326.95,130.25,224.99,39.33,120.12,47.54,238.32,57.62
2025-01-29 11:00:00,89.25,318.21,122.31,224.16,38.98,180.7,47.18,281.89,41.06
2025-01-29 12:00:00,85.0,309.04,118.7,220.25,38.29,158.08,50.43,241.09,31.19
2025-01-29 13:00:00,85.53,297.56,119.7,221.36,38.62,131.83,50.37,233.23,31.87
2025-01-29 14:00:00,87.67,289.69,121.42,224.2,39.33,58.82,53.36,287.44,30.76
2025-01-29 15:00:00,102.75,299.62,122.88,226.36,39.61,18.05,60.58,261.06,38.54
2025-01-29 16:00:00,132.66,325.06,127.02,222.89,38.9,5.52,52.11,234.78,60.63
2025-01-29 17:00:00,149.57,343.18,128.96,223.12,38.9,4.83,61.45,379.93,133.07
2025-01-29 18:00:00,150.1,346.18,122.6,212.37,36.83,4.82,49.94,482.25,266.1
2025-01-29 19:00:00,143.52,348.13,95.39,212.32,36.76,4.82,49.36,519.18,296.38
2025-01-29 20:00:00,123.76,344.96,93.11,210.36,36.36,4.82,49.32,810.28,316.11
2025-01-29 21:00:00,113.63,337.55,94.45,212.43,36.78,4.81,48.8,857.95,326.03
2025-01-29 22:00:00,110.25,332.2,85.98,209.07,36.22,4.81,44.1,833.69,333.64
2025-01-29 23:00:00,43.44,299.22,78.36,199.47,34.41,4.81,41.1,900.78,325.61
2025-01-30 00:00:00,52.59,285.13,78.89,200.27,27.88,4.81,44.35,796.56,297.26
2025-01-30 01:00:00,53.38,314.6,87.05,199.05,24.21,4.81,41.63,798.9,295.36
2025-01-30 02:00:00,57.18,322.64,78.59,198.62,24.15,4.81,41.05,856.01,300.64
2025-01-30 03:00:00,46.59,326.05,77.24,197.28,23.95,4.81,41.25,867.67,339.2
2025-01-30 04:00:00,44.51,322.76,69.47,184.48,21.53,4.81,40.23,870.69,350.69
2025-01-30 05:00:00,54.97,322.36,69.27,184.76,21.46,4.81,42.63,870.44,343.75
2025-01-30 06:00:00,68.68,323.0,66.36,180.03,20.56,4.81,46.88,905.45,343.76
2025-01-30 07:00:00,141.65,322.8,88.08,206.06,25.55,4.82,51.27,854.11,317.44
2025-01-30 08:00:00,152.8,322.1,130.09,210.72,26.48,7.74,49.97,844.77,294.44
2025-01-30 09:00:00,145.37,323.75,132.0,209.46,26.14,32.89,50.66,831.4,304.78
2025-01-30 10:00:00,130.26,327.88,90.9,202.81,30.09,62.51,48.75,844.27,323.68
2025-01-30 11:00:00,115.88,325.7,87.82,201.59,32.67,108.4,48.4,861.45,307.08
2025-01-30 12:00:00,111.95,322.21,91.47,207.27,33.94,151.54,51.27,791.68,304.45
2025-01-30 13:00:00,113.31,321.14,104.35,221.39,43.4,116.36,63.71,724.43,288.24
2025-01-30 14:00:00,129.42,319.8,93.97,210.98,34.52,96.73,50.54,684.02,264.62
2025-01-30 15:00:00,153.22,320.57,96.67,213.72,35.0,52.41,56.24,574.0,189.9
2025-01-30 16:00:00,155.99,320.1,128.72,218.33,35.51,12.75,64.99,479.72,189.44
2025-01-30 17:00:00,184.97,319.33,132.03,215.18,34.93,7.27,51.39,561.88,209.45
2025-01-30 18:00:00,176.86,323.4,129.86,212.09,34.61,7.3,49.61,474.66,182.27
2025-01-30 19:00:00,161.29,323.78,140.41,213.07,34.81,7.3,60.23,356.41,166.72
2025-01-30 20:00:00,150.21,324.27,128.19,207.8,33.88,7.3,49.26,409.83,151.31
2025-01-30 21:00:00,134.17,322.73,103.18,222.23,36.69,7.29,53.19,463.96,128.18
2025-01-30 22:00:00,126.46,323.57,112.32,237.41,39.57,7.29,51.62,469.04,116.73
2025-01-30 23:00:00,120.2,321.93,98.33,231.51,38.36,7.3,55.18,417.27,110.75
2025-01-31 00:00:00,114.94,322.42,92.01,221.1,36.59,7.29,52.44,414.08,105.64
2025-01-31 01:00:00,105.13,317.83,88.01,215.41,35.32,7.3,49.35,451.5,110.63
2025-01-31 02:00:00,102.57,322.41,98.2,218.23,35.75,7.29,47.45,365.84,111.16
2025-01-31 03:00:00,102.88,325.91,101.33,219.34,36.08,7.29,48.23,362.97,116.98
2025-01-31 04:00:00,98.38,316.19,105.62,226.17,37.41,7.29,49.92,388.42,147.8
2025-01-31 05:00:00,98.08,316.75,91.92,220.65,36.36,7.3,46.62,361.98,165.37
2025-01-31 06:00:00,117.73,318.84,98.9,232.1,38.46,7.3,53.11,361.55,168.82
2025-01-31 07:00:00,154.96,320.53,131.89,228.18,37.86,7.32,47.18,386.69,168.4
2025-01-31 08:00:00,163.7,320.75,136.57,222.56,36.81,13.43,45.7,377.92,114.48
2025-01-31 09:00:00,154.83,323.5,133.28,216.89,35.71,35.95,44.37,321.3,77.13
2025-01-31 10:00:00,130.1,323.02,134.23,218.78,36.16,61.48,45.92,290.01,101.14
2025-01-31 11:00:00,126.2,323.36,134.2,219.28,36.13,93.59,44.87,344.02,116.13
2025-01-31 12:00:00,120.06,321.42,132.03,215.81,35.51,98.49,43.59,324.7,111.49
2025-01-31 13:00:00,121.19,320.85,130.73,213.31,35.03,73.02,46.73,343.74,98.65
2025-01-31 14:00:00,119.77,321.75,134.69,219.8,36.3,65.18,44.07,400.48,75.05
2025-01-31 15:00:00,149.87,323.38,138.56,225.31,37.43,32.24,47.32,381.61,85.2
2025-01-31 16:00:00,168.26,319.53,138.11,224.7,37.34,6.36,45.78,375.4,71.15
2025-01-31 17:00:00,185.27,320.41,145.22,233.85,40.55,0.0,45.43,250.52,110.14
2025-01-31 18:00:00,184.49,323.2,163.76,239.73,42.22,0.0,46.03,339.24,145.25
2025-01-31 19:00:00,179.0,324.94,152.02,235.83,41.42,0.0,45.9,444.88,141.31
2025-01-31 20:00:00,162.66,321.41,143.43,233.78,39.17,0.0,45.66,393.21,143.55
2025-01-31 21:00:00,152.7,317.92,102.12,231.28,38.47,0.0,43.74,464.73,132.58
2025-01-31 22:00:00,144.31,319.96,97.93,231.19,38.46,0.0,43.78,379.3,112.29
2025-01-31 23:00:00,131.41,321.4,97.93,231.01,38.47,0.0,43.75,392.99,100.02
2025-02-01 00:00:00,136.93,312.55,95.75,226.96,37.79,0.0,43.32,306.15,91.81
2025-02-01 01:00:00,129.11,315.93,97.58,229.94,38.37,0.0,43.95,272.76,80.98
2025-02-01 02:00:00,124.24,321.7,98.31,231.19,38.59,0.0,46.84,215.67,77.81
2025-02-01 03:00:00,119.12,316.47,97.64,230.14,38.35,0.0,43.63,189.98,83.5
2025-02-01 04:00:00,113.48,309.43,110.56,236.5,39.63,0.0,44.42,140.53,72.57
2025-02-01 05:00:00,106.75,312.83,112.33,236.03,39.54,0.0,44.17,125.1,83.08
2025-02-01 06:00:00,120.28,312.08,99.97,230.49,38.56,0.0,46.35,109.31,62.64
2025-02-01 07:00:00,132.72,312.14,132.69,233.88,38.97,0.0,47.84,126.38,50.62
2025-02-01 08:00:00,149.78,311.51,141.55,232.6,38.74,7.68,44.2,127.26,46.64
2025-02-01 09:00:00,142.44,310.78,142.83,232.72,38.83,53.7,46.63,136.81,39.3
2025-02-01 10:00:00,128.4,312.4,141.54,230.91,38.35,108.92,45.07,80.6,23.09
2025-02-01 11:00:00,120.09,312.76,128.6,219.77,36.37,157.72,42.78,31.87,18.25
2025-02-01 12:00:00,110.29,313.27,126.09,219.28,36.19,160.72,42.96,20.0,21.52
2025-02-01 13:00:00,103.4,315.66,125.44,218.26,35.92,118.61,42.71,35.72,22.03
2025-02-01 14:00:00,113.7,313.87,126.8,220.48,36.36,73.52,42.76,62.45,29.53
2025-02-01 15:00:00,129.49,311.92,134.05,227.06,37.61,38.28,43.67,88.35,38.98
2025-02-01 16:00:00,154.43,312.08,138.89,229.1,38.03,6.87,43.51,64.29,38.78
2025-02-01 17:00:00,168.27,315.27,141.03,230.67,38.31,0.0,43.87,64.61,23.74
2025-02-01 18:00:00,167.51,311.68,140.92,230.55,38.14,0.0,44.03,40.17,15.83
2025-02-01 19:00:00,162.99,310.89,142.36,233.51,38.75,0.0,49.35,39.91,17.93
2025-02-01 20:00:00,156.6,312.51,141.09,230.74,38.27,0.0,45.47,40.42,21.82
2025-02-01 21:00:00,145.25,309.88,107.04,227.96,37.95,0.0,43.76,45.36,11.97
2025-02-01 22:00:00,141.74,311.43,122.8,233.96,44.84,0.0,45.86,43.55,13.93
2025-02-01 23:00:00,131.74,309.08,119.07,234.4,39.0,0.0,44.47,34.77,14.85
2025-02-02 00:00:00,133.26,318.56,105.37,229.47,37.95,0.0,44.06,46.05,13.23
2025-02-02 01:00:00,126.91,320.7,101.56,224.44,36.96,0.0,43.31,49.62,11.73
2025-02-02 02:00:00,122.99,316.42,89.4,204.16,33.16,0.0,42.06,52.73,10.85
2025-02-02 03:00:00,120.67,315.77,87.7,201.33,32.66,0.0,42.04,32.92,7.51
2025-02-02 04:00:00,122.34,313.02,86.58,199.63,32.29,0.0,42.02,23.15,7.24
2025-02-02 05:00:00,123.42,316.6,96.58,201.71,32.7,0.0,42.28,9.55,7.75
2025-02-02 06:00:00,128.09,318.97,88.73,200.29,32.44,0.0,42.27,4.75,8.05
2025-02-02 07:00:00,135.9,315.0,123.58,211.73,34.54,0.0,52.16,6.04,9.66
2025-02-02 08:00:00,137.3,318.58,135.81,222.62,36.61,5.25,48.59,6.36,9.2
2025-02-02 09:00:00,137.7,315.8,131.88,216.62,35.51,28.07,53.4,4.07,8.91
2025-02-02 10:00:00,130.04,315.55,128.11,221.03,36.43,49.52,64.29,3.95,12.34
2025-02-02 11:00:00,129.33,315.73,125.12,219.12,36.1,72.26,61.56,7.77,14.84
2025-02-02 12:00:00,122.24,314.47,119.49,209.37,34.21,91.42,60.19,24.41,14.0
2025-02-02 13:00:00,111.88,314.57,117.47,206.51,33.66,107.67,59.62,37.51,13.13
2025-02-02 14:00:00,116.42,315.96,115.32,202.66,32.93,97.57,50.03,41.31,14.08
2025-02-02 15:00:00,127.97,312.6,120.8,200.49,32.61,66.06,42.49,54.6,14.61
2025-02-02 16:00:00,151.21,311.44,134.22,219.14,36.14,18.55,52.12,66.75,14.99
2025-02-02 17:00:00,164.03,312.89,135.72,221.44,36.58,0.0,53.29,131.34,20.85
2025-02-02 18:00:00,172.49,316.24,148.18,229.08,38.13,0.0,51.52,88.58,15.8
2025-02-02 19:00:00,173.95,311.91,131.29,212.69,35.1,0.0,43.45,96.54,11.33
2025-02-02 20:00:00,165.49,310.59,131.21,213.72,35.26,0.0,45.28,99.85,10.42
2025-02-02 21:00:00,155.77,309.28,130.24,212.58,34.88,0.0,44.28,74.2,11.64
2025-02-02 22:00:00,148.43,312.27,140.76,225.01,37.18,0.0,43.96,36.76,10.06
2025-02-02 23:00:00,133.23,321.3,142.68,227.97,37.76,0.0,46.55,48.97,13.97
2025-02-03 00:00:00,129.53,312.88,102.93,223.92,36.87,0.0,49.58,58.84,14.39
2025-02-03 01:00:00,126.63,333.24,110.58,227.4,37.53,0.0,56.17,62.63,11.28
2025-02-03 02:00:00,124.71,317.02,99.26,219.81,36.1,0.0,43.47,49.37,11.33
2025-02-03 03:00:00,120.03,313.39,101.56,224.0,36.98,0.0,47.13,39.18,9.22
2025-02-03 04:00:00,123.23,310.87,100.33,221.78,36.58,0.0,40.75,42.08,9.77
2025-02-03 05:00:00,127.76,327.6,111.75,228.73,37.89,0.0,51.27,28.74,10.42
2025-02-03 06:00:00,159.17,319.42,104.29,225.84,37.33,0.0,49.89,7.83,9.83
2025-02-03 07:00:00,207.88,320.83,128.38,217.62,35.76,0.0,43.57,10.76,12.78
2025-02-03 08:00:00,243.23,232.01,133.09,211.44,34.67,16.3,41.57,27.07,21.25
2025-02-03 09:00:00,178.03,224.98,137.13,206.85,33.74,110.64,41.46,73.32,49.83
2025-02-03 10:00:00,149.95,217.15,150.06,210.41,34.47,223.7,44.89,120.08,46.8
2025-02-03 11:00:00,126.05,214.72,153.16,213.83,35.24,314.15,42.12,96.39,27.86
2025-02-03 12:00:00,117.26,212.25,151.84,203.25,33.1,348.57,41.21,93.2,27.58
2025-02-03 13:00:00,115.29,219.03,156.91,218.07,35.87,305.93,41.8,84.68,22.51
2025-02-03 14:00:00,124.19,226.4,169.66,229.82,38.19,211.65,42.75,105.72,21.29
2025-02-03 15:00:00,145.87,211.83,149.54,216.9,35.63,116.88,42.21,128.37,17.6
2025-02-03 16:00:00,170.71,224.5,147.55,207.87,33.97,20.7,53.15,141.9,15.96
2025-02-03 17:00:00,216.0,225.53,151.17,210.94,34.55,0.0,42.38,206.06,17.3
2025-02-03 18:00:00,200.73,225.56,151.85,212.12,34.78,1.66,43.52,182.86,24.32
2025-02-03 19:00:00,201.1,225.07,150.7,210.74,34.44,3.21,41.13,201.7,36.04
2025-02-03 20:00:00,167.74,224.33,149.62,209.16,34.12,0.0,42.95,258.85,50.83
2025-02-03 21:00:00,153.01,223.3,148.8,207.6,33.82,0.0,42.61,269.56,55.69
2025-02-03 22:00:00,144.23,255.7,155.35,217.8,35.85,0.0,51.36,242.38,70.4
2025-02-03 23:00:00,135.81,314.7,125.94,223.52,36.93,0.0,52.58,211.36,64.01
2025-02-04 00:00:00,132.4,319.7,137.73,225.35,37.26,0.0,52.86,160.53,45.2
2025-02-04 01:00:00,125.54,315.78,135.39,223.21,36.87,0.0,57.61,128.72,42.66
2025-02-04 02:00:00,123.18,321.13,122.15,220.08,36.23,0.0,46.08,89.79,37.63
2025-02-04 03:00:00,123.99,325.34,121.28,219.66,36.18,0.0,41.97,92.58,40.43
2025-02-04 04:00:00,123.25,321.16,120.6,218.56,35.96,0.0,43.06,58.11,27.57
2025-02-04 05:00:00,127.63,321.71,122.69,219.73,36.29,0.0,47.66,37.56,29.45
2025-02-04 06:00:00,155.45,324.4,160.64,229.01,38.08,0.0,53.72,86.58,37.01
2025-02-04 07:00:00,192.27,319.75,168.99,223.65,38.31,0.01,43.15,147.15,52.39
2025-02-04 08:00:00,212.04,319.29,161.9,219.65,38.09,10.92,41.81,172.59,88.14
2025-02-04 09:00:00,163.35,320.03,171.45,235.72,41.22,49.69,48.11,162.79,91.39
2025-02-04 10:00:00,136.53,322.99,172.69,237.3,41.57,86.61,46.17,124.31,94.5
2025-02-04 11:00:00,126.57,323.09,164.15,231.39,40.46,133.72,42.64,194.02,106.3
2025-02-04 12:00:00,116.89,321.6,164.74,233.53,40.87,142.43,42.67,205.35,111.38
2025-02-04 13:00:00,113.17,324.04,163.52,231.94,40.54,104.0,42.79,218.23,132.9
2025-02-04 14:00:00,120.09,321.76,167.87,223.97,38.7,64.3,49.34,195.16,101.45
2025-02-04 15:00:00,127.47,321.77,176.4,235.45,39.65,24.28,43.3,215.95,82.82
2025-02-04 16:00:00,164.82,323.32,161.92,229.04,39.84,6.23,45.69,296.14,109.16
2025-02-04 17:00:00,168.99,323.27,146.54,204.75,35.18,0.0,43.05,355.08,129.36
2025-02-04 18:00:00,175.0,323.62,157.69,210.87,36.45,0.0,41.45,402.26,145.64
2025-02-04 19:00:00,162.04,323.6,152.92,208.99,36.13,0.0,41.23,341.78,173.3
2025-02-04 20:00:00,145.01,323.24,160.53,214.66,36.82,0.0,41.69,399.3,190.34
2025-02-04 21:00:00,123.29,320.72,122.34,212.97,27.81,0.0,44.73,476.46,184.86
2025-02-04 22:00:00,105.41,321.75,118.36,211.82,26.63,0.0,41.69,525.07,200.57
2025-02-04 23:00:00,75.72,323.98,118.68,212.39,26.73,0.0,42.65,617.13,225.54
2025-02-05 00:00:00,78.39,326.12,93.36,188.3,22.06,0.0,42.27,599.37,236.1
2025-02-05 01:00:00,79.85,319.84,69.5,177.64,19.9,0.0,42.48,608.49,278.7
2025-02-05 02:00:00,81.52,317.65,44.04,144.74,13.63,0.0,38.27,666.83,300.25
2025-02-05 03:00:00,80.57,317.38,39.26,136.65,12.13,0.0,37.93,717.56,275.76
2025-02-05 04:00:00,88.9,315.88,46.22,147.77,14.31,0.0,39.53,673.31,251.9
2025-02-05 05:00:00,96.52,319.73,60.87,153.88,18.88,0.0,41.25,661.21,246.87
2025-02-05 06:00:00,109.83,319.8,67.46,179.7,20.94,0.0,41.98,663.84,279.86
2025-02-05 07:00:00,126.38,321.67,69.8,185.99,23.41,0.0,43.57,708.53,279.3
2025-02-05 08:00:00,139.99,321.02,69.87,186.15,31.39,4.66,46.75,705.39,282.91
2025-02-05 09:00:00,132.62,311.54,90.66,190.59,37.75,39.76,47.2,640.12,289.89
2025-02-05 10:00:00,112.12,311.5,90.12,175.05,34.57,121.74,46.55,620.21,272.2
2025-02-05 11:00:00,90.05,310.43,68.18,141.58,30.93,181.38,43.82,613.58,274.22
2025-02-05 12:00:00,91.01,275.04,74.93,144.17,31.18,266.0,43.16,640.84,260.18
2025-02-05 13:00:00,92.07,291.25,67.08,143.36,30.56,306.49,42.85,703.38,249.56
2025-02-05 14:00:00,103.69,292.78,76.89,169.65,31.56,254.51,43.31,776.95,231.58
2025-02-05 15:00:00,120.63,290.24,89.27,215.33,37.2,154.46,45.51,689.84,173.45
2025-02-05 16:00:00,135.24,294.41,120.65,218.9,37.97,32.45,45.85,609.21,181.68
2025-02-05 17:00:00,177.19,278.51,128.14,223.37,38.91,0.1,46.4,426.87,156.03
2025-02-05 18:00:00,189.9,273.16,134.88,219.91,39.25,0.0,46.4,345.9,172.7
2025-02-05 19:00:00,157.29,270.76,138.54,225.97,39.43,0.0,45.8,337.62,170.27
2025-02-05 20:00:00,140.95,271.02,138.86,226.39,39.45,0.0,45.87,356.78,148.16
2025-02-05 21:00:00,130.85,297.8,148.29,230.43,40.25,0.0,46.05,345.98,125.68
2025-02-05 22:00:00,120.69,269.85,136.32,221.04,38.47,0.0,45.21,329.66,110.22
2025-02-05 23:00:00,112.3,278.73,101.51,220.34,38.22,0.0,45.01,340.47,67.63
2025-02-06 00:00:00,130.5,319.95,99.24,220.39,36.48,0.0,44.96,448.76,56.95
2025-02-06 01:00:00,129.4,323.96,99.2,220.08,36.2,0.0,45.32,331.02,63.76
2025-02-06 02:00:00,122.55,324.6,99.19,219.45,36.19,0.0,46.0,282.09,62.66
2025-02-06 03:00:00,123.51,324.9,99.53,220.03,36.3,0.0,45.92,244.05,54.46
2025-02-06 04:00:00,118.48,324.73,104.27,227.92,37.79,0.0,59.71,192.16,61.9
2025-02-06 05:00:00,126.81,324.68,98.9,219.21,36.12,0.0,45.93,199.84,57.36
2025-02-06 06:00:00,156.12,325.36,103.77,225.65,37.34,0.0,45.99,174.84,67.49
2025-02-06 07:00:00,177.41,324.01,142.48,229.95,39.25,0.04,46.14,158.16,77.29
2025-02-06 08:00:00,219.42,322.05,163.74,219.98,39.67,25.57,46.29,107.39,72.75
2025-02-06 09:00:00,179.0,325.04,156.07,201.62,39.67,133.46,46.59,83.19,69.73
2025-02-06 10:00:00,159.04,324.05,140.34,197.86,38.89,250.07,47.31,68.55,57.11
2025-02-06 11:00:00,146.06,322.66,154.62,195.23,37.67,341.33,47.16,88.02,41.6
2025-02-06 12:00:00,136.78,323.28,160.4,194.79,37.49,404.67,47.81,101.55,33.43
2025-02-06 13:00:00,129.02,324.84,162.24,188.15,35.94,391.18,45.78,111.15,40.71
2025-02-06 14:00:00,121.97,324.28,170.11,193.55,37.07,312.38,47.59,82.82,56.93
2025-02-06 15:00:00,150.8,323.98,161.61,196.31,37.63,159.27,52.56,58.64,69.98
2025-02-06 16:00:00,164.9,324.72,165.54,204.88,39.68,25.7,65.76,75.19,60.83
2025-02-06 17:00:00,171.6,325.37,161.95,199.91,38.99,0.08,48.65,109.51,53.88
2025-02-06 18:00:00,170.49,320.6,161.17,210.66,38.81,0.0,46.74,158.72,62.2
2025-02-06 19:00:00,162.95,320.74,160.26,226.74,38.51,0.0,47.68,242.38,68.81
2025-02-06 20:00:00,141.33,323.81,158.68,223.14,38.01,0.0,46.29,336.9,80.46
2025-02-06 21:00:00,131.26,321.63,157.82,222.31,36.66,0.0,44.65,345.4,81.26
2025-02-06 22:00:00,129.51,321.51,158.91,223.92,37.06,0.0,42.18,347.28,86.26
2025-02-06 23:00:00,118.79,319.34,158.24,223.67,36.88,0.0,45.49,307.12,87.36
2025-02-07 00:00:00,121.28,279.14,116.74,220.54,36.3,0.0,45.82,373.66,106.66
2025-02-07 01:00:00,110.66,275.51,114.47,222.91,36.77,0.0,50.34,394.72,103.13
2025-02-07 02:00:00,108.83,269.23,100.69,200.25,32.45,0.0,44.09,585.28,110.98
2025-02-07 03:00:00,105.0,270.62,100.99,201.14,32.55,0.0,43.82,660.72,119.11
2025-02-07 04:00:00,94.22,240.89,103.22,204.49,33.25,0.0,48.89,661.05,134.83
2025-02-07 05:00:00,95.06,231.9,103.91,203.95,33.14,0.0,47.53,686.87,148.37
2025-02-07 06:00:00,111.66,268.75,140.52,215.4,36.33,0.0,43.06,682.52,137.38
2025-02-07 07:00:00,141.94,321.51,157.31,223.41,38.8,0.0,54.87,744.2,157.17
2025-02-07 08:00:00,164.41,315.03,154.57,229.5,40.03,5.4,61.1,739.8,193.81
2025-02-07 09:00:00,150.17,306.72,148.98,221.89,38.53,67.35,59.43,667.36,159.69
2025-02-07 10:00:00,132.09,307.84,135.67,208.24,34.61,138.09,53.99,699.04,205.94
2025-02-07 11:00:00,109.34,310.79,87.62,211.3,34.54,169.08,50.14,651.32,226.12
2025-02-07 12:00:00,94.39,268.25,81.96,199.28,32.25,173.16,47.17,762.62,214.76
2025-02-07 13:00:00,89.46,264.16,98.29,196.9,31.8,128.25,46.09,856.02,245.14
2025-02-07 14:00:00,89.25,268.23,98.61,197.06,31.81,74.8,48.03,849.07,276.54
2025-02-07 15:00:00,94.9,276.63,98.92,198.0,31.9,41.91,48.2,873.23,285.75
2025-02-07 16:00:00,113.68,313.58,111.21,217.92,35.74,9.99,50.99,873.38,270.34
2025-02-07 17:00:00,126.64,319.89,110.12,215.84,35.4,0.03,54.85,797.54,270.28
2025-02-07 18:00:00,133.91,316.17,103.54,204.92,33.36,0.0,49.88,772.84,246.72
2025-02-07 19:00:00,114.61,295.16,101.25,201.2,32.63,0.0,49.87,826.71,247.28
2025-02-07 20:00:00,96.09,286.72,104.2,205.94,33.54,0.0,49.78,773.61,240.84
2025-02-07 21:00:00,83.15,277.78,88.79,149.0,28.74,0.0,47.65,746.42,217.6
2025-02-07 22:00:00,74.09,279.25,68.6,91.84,22.42,0.0,43.17,823.89,195.51
2025-02-07 23:00:00,61.7,279.05,73.59,98.33,24.25,0.0,43.1,885.72,202.53
2025-02-08 00:00:00,67.1,288.8,61.33,134.08,26.53,0.0,38.0,901.03,208.31
2025-02-08 01:00:00,63.43,280.04,60.16,169.33,26.68,0.0,35.31,907.57,241.31
2025-02-08 02:00:00,53.8,276.61,59.87,169.94,26.32,0.0,36.41,877.89,247.88
2025-02-08 03:00:00,48.97,278.41,60.08,170.04,19.19,0.0,36.93,873.34,295.66
2025-02-08 04:00:00,48.55,277.97,61.13,141.25,18.97,0.0,37.76,858.04,283.28
2025-02-08 05:00:00,48.16,278.56,60.25,116.07,18.69,0.0,38.46,872.7,229.09
2025-02-08 06:00:00,48.68,278.86,60.0,116.04,18.61,0.0,38.64,914.53,218.14
2025-02-08 07:00:00,69.79,282.92,58.99,114.3,18.29,0.0,38.59,921.27,219.99
2025-02-08 08:00:00,95.11,290.45,55.66,108.91,22.21,6.2,37.95,914.37,219.55
2025-02-08 09:00:00,82.24,299.18,77.48,129.76,31.34,28.33,38.93,881.38,225.24
2025-02-08 10:00:00,72.56,282.94,52.56,101.34,26.08,54.45,36.93,815.14,227.99
2025-02-08 11:00:00,64.61,278.61,49.29,91.19,25.28,74.21,36.9,723.09,231.4
2025-02-08 12:00:00,64.07,274.71,50.32,93.2,25.62,79.96,37.37,595.13,210.24
2025-02-08 13:00:00,72.82,266.82,40.42,78.0,22.39,89.39,36.54,542.26,194.1
2025-02-08 14:00:00,81.21,299.6,53.17,140.73,26.49,91.88,39.41,520.78,169.69
2025-02-08 15:00:00,103.35,306.64,74.31,190.5,33.11,62.91,48.26,514.01,170.93
2025-02-08 16:00:00,117.2,303.07,79.87,200.03,34.83,20.33,53.05,492.43,168.2
2025-02-08 17:00:00,135.78,305.02,101.79,225.61,39.56,0.12,60.09,517.47,157.71
2025-02-08 18:00:00,160.49,307.25,103.17,225.43,39.48,0.0,50.72,492.73,150.37
2025-02-08 19:00:00,156.97,305.57,103.23,225.39,39.48,0.0,50.72,442.88,139.53
2025-02-08 20:00:00,145.06,300.51,103.39,225.12,39.53,0.0,50.69,349.14,126.47
2025-02-08 21:00:00,149.0,304.92,102.84,224.1,39.36,0.0,50.67,288.26,111.81
2025-02-08 22:00:00,144.0,311.92,104.34,226.86,39.83,0.0,51.05,234.28,66.78
2025-02-08 23:00:00,136.31,314.26,105.72,228.0,39.93,0.0,52.01,162.35,44.24
2025-02-09 00:00:00,135.0,315.13,134.15,230.5,40.23,0.0,57.23,101.1,45.26
2025-02-09 01:00:00,134.51,313.49,139.71,228.6,39.93,0.0,54.38,66.85,43.15
2025-02-09 02:00:00,130.18,312.35,138.54,227.03,39.21,0.0,51.35,74.78,52.7
2025-02-09 03:00:00,119.3,312.73,130.19,213.48,27.99,0.0,50.26,116.68,57.01
2025-02-09 04:00:00,116.79,308.13,121.55,199.22,24.23,0.0,49.32,178.23,63.67
2025-02-09 05:00:00,117.0,310.39,120.82,197.61,23.92,0.0,48.86,271.26,64.75
2025-02-09 06:00:00,117.0,310.2,121.01,197.71,23.95,0.0,49.0,336.68,74.51
2025-02-09 07:00:00,133.43,310.73,132.23,216.1,27.47,0.27,49.88,359.38,93.48
2025-02-09 08:00:00,136.77,312.78,137.74,225.19,34.25,20.55,51.02,347.9,98.82
2025-02-09 09:00:00,123.98,313.85,138.28,225.82,39.38,76.23,50.99,396.89,107.49
2025-02-09 10:00:00,114.8,311.3,105.33,225.47,39.35,126.6,51.12,447.68,111.22
2025-02-09 11:00:00,105.66,310.62,89.89,204.43,35.33,131.93,49.38,408.28,135.16
2025-02-09 12:00:00,95.56,309.22,87.79,201.04,34.66,104.71,49.1,511.76,157.29
2025-02-09 13:00:00,92.26,310.3,86.8,199.67,34.35,97.15,49.02,616.76,181.23
2025-02-09 14:00:00,103.04,311.56,87.39,201.34,34.54,65.25,49.31,699.62,203.07
2025-02-09 15:00:00,113.23,311.77,88.33,200.92,34.49,30.09,49.31,812.97,206.13
2025-02-09 16:00:00,129.88,309.49,129.38,219.55,38.14,6.11,50.11,820.77,202.25
2025-02-09 17:00:00,146.25,307.67,138.16,226.34,39.47,0.0,50.8,865.75,197.04
2025-02-09 18:00:00,141.72,309.96,132.99,217.31,37.79,0.0,50.21,906.52,248.43
2025-02-09 19:00:00,118.73,307.27,131.31,213.9,37.15,0.0,50.08,920.69,292.38
2025-02-09 20:00:00,108.18,304.48,85.46,184.47,35.29,0.0,49.13,931.51,327.97
2025-02-09 21:00:00,83.7,277.54,61.54,117.95,29.11,0.0,40.54,930.39,332.08
2025-02-09 22:00:00,70.85,279.78,60.73,118.08,28.86,0.0,38.67,916.97,326.19
2025-02-09 23:00:00,62.41,279.59,59.36,114.8,28.44,0.0,38.68,919.92,319.16
2025-02-10 00:00:00,60.72,279.0,55.5,108.5,27.24,0.0,38.4,915.83,328.4
2025-02-10 01:00:00,62.75,280.76,46.06,93.27,24.29,0.0,37.22,915.77,352.85
2025-02-10 02:00:00,58.02,277.69,44.59,90.86,23.83,0.0,37.46,920.29,360.42
2025-02-10 03:00:00,57.47,278.41,44.42,90.62,23.77,0.0,37.0,924.91,358.12
2025-02-10 04:00:00,58.31,279.63,44.37,90.62,23.76,0.0,37.7,922.84,361.04
2025-02-10 05:00:00,60.65,276.49,45.64,94.53,24.15,0.0,37.89,920.11,361.69
2025-02-10 06:00:00,70.73,290.38,47.86,120.47,24.85,0.0,44.97,928.0,370.35
2025-02-10 07:00:00,112.35,312.58,78.95,199.02,34.58,0.0,48.97,928.77,387.52
2025-02-10 08:00:00,128.26,316.29,90.28,218.87,38.11,5.53,50.45,930.46,386.25
2025-02-10 09:00:00,118.66,315.83,86.53,211.58,36.94,24.06,49.61,932.46,381.56
2025-02-10 10:00:00,103.5,310.01,86.55,172.28,36.94,45.43,49.84,933.85,390.83
2025-02-10 11:00:00,78.84,282.24,63.58,116.67,29.76,59.43,46.67,934.9,398.03
2025-02-10 12:00:00,69.29,276.32,43.38,83.71,23.45,63.4,38.69,934.77,416.0
2025-02-10 13:00:00,76.12,280.83,62.74,102.35,25.14,61.56,38.78,938.28,429.29
2025-02-10 14:00:00,73.15,268.62,72.42,121.43,20.71,54.12,39.99,939.53,454.66
2025-02-10 15:00:00,76.27,262.65,53.01,104.41,19.95,34.17,38.88,939.57,464.51
2025-02-10 16:00:00,81.1,269.35,59.4,135.02,27.99,9.62,39.12,941.58,476.67
2025-02-10 17:00:00,90.08,305.46,62.37,114.09,29.38,0.08,40.52,943.15,477.65
2025-02-10 18:00:00,84.17,307.74,62.79,114.93,29.51,0.0,37.72,942.21,478.85
2025-02-10 19:00:00,73.07,256.09,61.83,113.39,29.22,0.0,37.98,942.57,498.18
2025-02-10 20:00:00,66.18,199.53,56.61,105.35,27.58,0.0,37.84,940.9,503.45
2025-02-10 21:00:00,63.87,206.42,47.81,90.99,24.84,0.0,36.32,934.2,494.13
2025-02-10 22:00:00,60.57,215.6,46.16,88.09,24.33,0.0,35.84,929.28,490.32
2025-02-10 23:00:00,59.53,251.5,45.92,92.52,24.24,0.0,34.94,930.49,489.72
2025-02-11 00:00:00,58.84,276.43,47.16,118.73,21.15,0.0,35.4,931.92,483.07
2025-02-11 01:00:00,54.19,273.11,55.14,141.79,17.11,0.0,35.37,929.56,483.12
2025-02-11 02:00:00,52.26,303.33,43.01,120.77,13.32,0.0,34.23,932.54,483.07
2025-02-11 03:00:00,52.18,287.1,42.16,108.79,13.06,0.0,32.93,931.49,466.36
2025-02-11 04:00:00,52.28,281.12,45.18,113.71,14.0,0.0,35.1,924.6,477.14
2025-02-11 05:00:00,54.9,276.04,47.18,110.06,14.62,0.0,32.35,917.4,483.5
2025-02-11 06:00:00,65.14,277.88,51.68,103.51,16.02,0.0,34.95,920.16,482.98
2025-02-11 07:00:00,89.64,285.38,51.51,103.57,18.61,0.46,40.14,919.86,471.77
2025-02-11 08:00:00,92.77,409.36,51.86,102.08,25.76,31.14,35.66,916.52,469.85
2025-02-11 09:00:00,89.68,439.33,50.02,97.02,25.63,121.08,35.46,918.3,466.23
2025-02-11 10:00:00,85.3,381.18,47.44,89.19,24.82,234.02,35.4,918.93,464.55
2025-02-11 11:00:00,69.9,314.1,44.34,84.15,21.9,329.49,35.5,921.6,472.13
2025-02-11 12:00:00,66.62,276.13,44.4,84.27,21.88,401.38,35.1,922.16,463.51
2025-02-11 13:00:00,65.41,323.56,46.24,113.3,22.44,403.19,35.52,919.07,467.34
2025-02-11 14:00:00,64.5,376.61,50.07,151.4,23.65,300.51,36.59,916.5,466.81
2025-02-11 15:00:00,67.06,360.72,67.01,179.69,28.94,181.68,37.84,914.36,463.3
2025-02-11 16:00:00,89.55,376.7,86.19,210.88,35.65,41.01,40.31,913.91,451.99
2025-02-11 17:00:00,130.19,392.12,85.7,210.29,36.69,0.57,47.54,922.56,456.19
2025-02-11 18:00:00,114.3,414.27,89.79,217.9,37.95,0.0,46.36,924.35,458.47
2025-02-11 19:00:00,92.1,415.75,79.72,177.98,34.81,0.0,53.26,927.15,458.05
2025-02-11 20:00:00,89.61,417.33,53.39,98.24,24.96,0.0,44.12,924.91,446.54
2025-02-11 21:00:00,74.3,375.69,45.94,84.3,22.26,0.0,36.52,924.65,435.69
2025-02-11 22:00:00,74.11,384.27,45.69,84.54,22.18,0.0,31.7,923.64,423.38
2025-02-11 23:00:00,65.89,386.6,45.48,84.71,22.11,0.0,32.96,911.88,389.32
2025-02-12 00:00:00,75.31,418.8,43.46,81.54,21.47,0.0,31.12,889.09,389.2
2025-02-12 01:00:00,105.2,418.19,43.32,81.51,21.43,0.0,29.84,874.4,368.16
2025-02-12 02:00:00,69.0,416.91,42.73,80.77,21.26,0.0,33.37,876.07,371.67
2025-02-12 03:00:00,68.52,417.64,43.26,81.85,21.42,0.0,32.67,887.26,380.92
2025-02-12 04:00:00,68.51,414.01,44.45,83.68,21.79,0.0,33.23,869.02,384.55
2025-02-12 05:00:00,70.16,419.63,50.43,93.19,23.66,0.0,37.97,854.64,378.61
2025-02-12 06:00:00,102.65,423.14,83.03,176.49,33.59,0.0,45.75,858.02,393.49
2025-02-12 07:00:00,159.01,418.39,124.07,224.87,39.36,0.27,46.45,841.5,369.04
2025-02-12 08:00:00,178.05,418.16,132.73,230.77,41.01,16.36,47.01,805.46,344.02
2025-02-12 09:00:00,169.96,415.64,138.84,240.84,42.89,61.78,66.38,820.32,343.33
2025-02-12 10:00:00,143.62,407.97,132.69,230.94,40.96,115.82,49.91,799.68,322.76
2025-02-12 11:00:00,125.32,404.62,132.72,230.86,40.94,151.53,46.23,769.15,316.31
2025-02-12 12:00:00,123.49,406.18,132.94,230.49,40.96,180.41,46.77,813.2,308.7
2025-02-12 13:00:00,112.55,412.2,132.22,229.12,40.77,184.15,47.15,805.1,301.75
2025-02-12 14:00:00,125.18,422.01,132.59,230.04,40.82,133.3,48.12,798.8,304.41
2025-02-12 15:00:00,133.24,426.73,132.68,230.18,40.88,65.65,48.26,811.21,301.93
2025-02-12 16:00:00,168.79,447.29,133.72,232.29,41.29,12.54,49.39,785.71,296.85
2025-02-12 17:00:00,183.01,451.74,135.09,234.23,41.69,0.02,49.79,782.77,285.49
2025-02-12 18:00:00,195.32,441.88,135.68,234.84,41.83,0.0,48.6,710.55,265.0
2025-02-12 19:00:00,191.88,449.15,135.79,235.51,41.89,0.0,48.55,528.37,224.76
2025-02-12 20:00:00,172.3,456.24,135.63,235.27,41.78,0.0,46.05,379.12,150.82
2025-02-12 21:00:00,154.21,457.97,106.32,233.97,41.57,0.0,48.82,337.06,117.7
2025-02-12 22:00:00,148.34,455.83,97.88,231.18,40.97,0.0,48.12,326.92,71.89
2025-02-12 23:00:00,129.58,420.56,99.82,234.4,41.58,0.0,55.17,323.46,52.76
2025-02-13 00:00:00,140.34,419.87,97.4,230.38,39.41,0.0,47.89,340.23,67.84
2025-02-13 01:00:00,137.75,419.7,95.73,227.5,38.8,0.0,48.53,253.14,85.15
2025-02-13 02:00:00,140.79,419.51,94.08,224.81,38.29,0.0,47.54,221.21,148.2
2025-02-13 03:00:00,136.59,419.43,93.99,225.19,38.26,0.0,47.64,247.57,170.17
2025-02-13 04:00:00,127.37,420.65,95.22,227.57,38.64,0.0,52.61,257.95,219.66
2025-02-13 05:00:00,129.93,419.76,97.01,230.28,39.2,0.0,58.8,267.23,233.32
2025-02-13 06:00:00,153.0,418.47,123.99,230.41,40.53,0.0,57.79,319.47,206.55
2025-02-13 07:00:00,190.33,419.32,135.1,234.82,41.62,0.0,52.34,472.23,192.29
2025-02-13 08:00:00,222.38,421.32,135.87,234.74,41.64,1.14,49.7,568.17,177.97
2025-02-13 09:00:00,218.06,425.15,136.68,233.18,41.3,8.1,49.73,624.26,183.38
2025-02-13 10:00:00,201.91,419.07,136.18,236.39,41.94,18.69,49.12,635.61,190.22
2025-02-13 11:00:00,182.57,437.27,157.94,242.07,50.22,37.39,52.6,669.14,217.01
2025-02-13 12:00:00,167.83,450.79,136.44,236.55,41.51,60.09,50.43,769.64,253.73
2025-02-13 13:00:00,159.54,451.59,156.23,245.2,43.24,43.66,62.6,831.84,258.66
2025-02-13 14:00:00,156.67,449.54,137.17,234.99,41.28,31.03,55.39,815.2,259.65
2025-02-13 15:00:00,159.97,443.28,133.03,230.91,40.42,19.79,50.65,854.55,270.64
2025-02-13 16:00:00,170.63,429.54,130.92,227.71,39.8,4.29,48.9,897.14,294.48
2025-02-13 17:00:00,201.86,444.15,137.75,238.6,41.96,0.05,67.38,892.44,256.22
2025-02-13 18:00:00,200.19,447.16,132.99,230.47,40.44,0.0,51.86,838.87,195.14
2025-02-13 19:00:00,188.28,448.02,131.45,228.19,40.02,0.0,49.41,802.9,189.19
2025-02-13 20:00:00,167.63,448.8,131.54,228.3,40.03,0.0,51.18,736.06,183.41
2025-02-13 21:00:00,152.77,454.93,145.12,233.6,40.06,0.0,49.17,562.23,131.42
2025-02-13 22:00:00,143.01,449.22,107.32,231.77,39.52,0.0,49.22,541.71,121.8
2025-02-13 23:00:00,130.55,448.63,101.69,237.2,40.68,0.0,61.68,454.86,115.15
2025-02-14 00:00:00,137.57,453.85,96.95,229.06,38.24,0.0,48.3,562.17,150.42
2025-02-14 01:00:00,132.8,454.14,102.83,238.1,40.04,0.0,66.84,705.96,127.2
2025-02-14 02:00:00,128.5,452.03,99.72,233.38,39.1,0.0,54.91,618.88,111.07
2025-02-14 03:00:00,127.65,450.19,96.89,229.17,38.21,0.0,48.82,519.29,128.08
2025-02-14 04:00:00,127.27,447.73,97.93,230.29,38.17,0.0,48.75,500.72,111.88
2025-02-14 05:00:00,139.62,452.45,127.08,230.89,38.32,0.0,50.28,506.09,94.15
2025-02-14 06:00:00,160.9,455.5,134.88,235.1,39.1,0.0,49.27,504.8,73.1
2025-02-14 07:00:00,229.09,452.75,137.92,239.8,42.27,0.92,49.53,370.21,63.32
2025-02-14 08:00:00,265.65,447.64,144.9,238.09,42.32,40.81,50.19,301.37,48.99
2025-02-14 09:00:00,215.11,446.08,158.54,236.14,41.98,146.73,49.16,255.6,45.87
2025-02-14 10:00:00,181.03,451.71,159.99,238.16,40.7,269.07,48.9,158.18,48.04
2025-02-14 11:00:00,163.01,449.22,159.58,237.96,39.83,359.53,49.5,132.4,41.59
2025-02-14 12:00:00,149.86,448.34,159.36,237.55,39.69,399.83,50.75,90.62,19.59
2025-02-14 13:00:00,148.6,450.27,158.58,236.37,39.45,360.19,51.03,51.24,11.08
2025-02-14 14:00:00,155.79,451.25,161.7,241.29,40.48,268.35,52.25,15.63,9.09
2025-02-14 15:00:00,175.05,450.89,184.82,246.77,41.41,118.09,52.98,4.76,6.67
2025-02-14 16:00:00,200.01,453.83,163.6,239.46,40.05,32.22,50.57,5.13,6.28
2025-02-14 17:00:00,298.93,452.56,157.28,234.01,40.91,0.54,49.77,14.8,5.17
2025-02-14 18:00:00,293.08,448.46,161.01,239.62,43.32,0.0,49.99,31.77,5.6
2025-02-14 19:00:00,225.72,449.11,161.99,240.84,44.37,0.0,49.84,32.94,5.78
2025-02-14 20:00:00,183.56,447.54,160.82,239.15,43.71,0.0,49.84,30.42,7.0
2025-02-14 21:00:00,163.8,445.92,167.67,239.09,41.2,0.0,50.15,23.64,7.0
2025-02-14 22:00:00,153.01,447.47,158.04,234.12,38.94,0.0,49.32,20.49,7.01
2025-02-14 23:00:00,140.04,450.01,124.2,232.63,38.73,0.0,49.39,48.1,8.12
2025-02-15 00:00:00,135.3,437.81,119.21,228.54,38.59,0.0,49.05,56.05,10.09
2025-02-15 01:00:00,130.35,448.66,120.43,231.25,39.43,0.0,49.28,82.81,14.54
2025-02-15 02:00:00,120.01,448.7,120.09,230.24,39.33,0.0,49.25,120.55,15.4
2025-02-15 03:00:00,118.26,448.17,130.99,234.6,40.75,0.0,49.75,115.42,19.42
2025-02-15 04:00:00,118.46,446.11,164.53,235.2,41.31,0.0,49.94,139.66,16.27
2025-02-15 05:00:00,120.31,444.89,156.08,230.18,40.28,0.0,49.48,117.29,11.22
2025-02-15 06:00:00,133.76,445.34,155.28,230.46,40.31,0.0,49.47,81.97,12.94
2025-02-15 07:00:00,148.6,444.57,156.85,233.03,40.81,1.44,49.94,73.87,15.96
2025-02-15 08:00:00,150.68,449.35,157.98,234.79,41.19,37.09,50.11,74.66,16.85
2025-02-15 09:00:00,137.02,449.69,157.77,234.87,41.09,110.64,49.5,78.58,22.94
2025-02-15 10:00:00,124.6,449.36,156.21,233.17,40.69,173.81,49.72,99.42,43.66
2025-02-15 11:00:00,118.37,447.18,139.84,214.16,37.11,203.54,47.46,129.28,79.53
2025-02-15 12:00:00,112.4,448.99,134.88,207.46,35.89,141.37,47.52,163.77,116.45
2025-02-15 13:00:00,110.02,449.32,153.21,214.69,37.32,111.23,47.85,191.38,134.48
2025-02-15 14:00:00,116.16,444.72,139.27,207.58,35.94,73.68,47.01,181.56,150.72
2025-02-15 15:00:00,128.84,447.81,151.85,228.0,39.84,40.95,48.2,153.22,146.26
2025-02-15 16:00:00,140.02,450.94,156.45,232.81,40.74,10.19,49.34,170.87,123.17
2025-02-15 17:00:00,164.57,448.36,156.45,232.97,40.77,0.05,49.39,164.97,139.24
2025-02-15 18:00:00,174.71,447.48,156.82,233.44,40.87,0.0,49.46,126.39,159.22
2025-02-15 19:00:00,163.92,448.52,156.84,233.35,40.87,0.0,49.91,200.53,169.01
2025-02-15 20:00:00,147.29,448.35,140.57,206.91,35.84,0.0,47.93,301.13,206.13
2025-02-15 21:00:00,128.06,449.1,134.11,204.52,35.3,0.0,47.37,532.86,236.34
2025-02-15 22:00:00,113.31,446.99,143.15,209.67,36.25,0.0,47.46,704.5,251.71
2025-02-15 23:00:00,108.29,446.88,133.87,204.5,35.3,0.0,47.53,721.98,245.43
2025-02-16 00:00:00,134.12,445.07,131.82,202.29,34.85,0.0,47.1,687.16,225.87
2025-02-16 01:00:00,128.9,441.08,130.67,199.87,34.58,0.0,46.55,713.5,229.01
2025-02-16 02:00:00,123.58,451.06,130.92,200.57,34.66,0.0,44.91,720.61,238.87
2025-02-16 03:00:00,119.9,450.81,128.96,196.73,34.01,0.0,45.19,745.81,218.33
2025-02-16 04:00:00,119.57,449.88,129.8,198.39,34.28,0.0,49.05,612.16,178.29
2025-02-16 05:00:00,120.18,449.72,127.66,195.04,33.58,0.0,43.87,466.11,164.21
2025-02-16 06:00:00,119.93,445.75,128.48,196.39,33.87,0.0,43.3,370.59,140.98
2025-02-16 07:00:00,127.49,446.39,136.22,197.74,33.99,2.3,42.55,311.64,138.56
2025-02-16 08:00:00,129.58,450.99,129.81,198.64,34.14,65.85,40.09,217.24,103.87
2025-02-16 09:00:00,130.48,450.3,130.42,200.04,34.5,191.59,39.98,188.85,78.41
2025-02-16 10:00:00,127.69,441.72,123.14,188.38,32.25,336.9,40.44,122.67,60.23
2025-02-16 11:00:00,124.02,445.55,125.12,191.71,32.87,465.87,40.71,87.26,43.61
2025-02-16 12:00:00,124.66,442.86,129.99,199.98,34.4,522.87,40.46,59.78,38.43
2025-02-16 13:00:00,118.75,445.34,129.86,199.45,34.19,498.45,36.73,42.18,32.08
2025-02-16 14:00:00,121.0,420.26,129.48,198.76,34.08,406.22,36.58,34.53,30.27
2025-02-16 15:00:00,129.53,423.5,135.54,201.4,34.64,260.36,40.55,41.57,24.2
2025-02-16 16:00:00,137.68,444.89,139.64,205.36,35.37,88.43,39.49,55.24,19.71
2025-02-16 17:00:00,153.97,447.21,152.92,226.98,39.6,3.79,41.58,79.35,13.78
2025-02-16 18:00:00,169.96,447.4,154.97,230.32,40.24,0.0,42.4,94.55,9.63
2025-02-16 19:00:00,160.26,446.64,155.24,230.15,40.21,0.0,40.24,86.28,8.54
2025-02-16 20:00:00,153.7,449.43,154.51,229.41,40.03,0.0,42.58,51.4,7.25
2025-02-16 21:00:00,139.32,447.57,152.8,226.74,39.56,0.0,43.17,46.1,7.62
2025-02-16 22:00:00,137.6,445.69,151.93,225.13,39.26,0.0,40.32,51.2,7.11
2025-02-16 23:00:00,131.49,448.14,139.54,204.85,35.39,0.0,39.91,32.53,7.61
2025-02-17 00:00:00,128.05,445.78,131.98,200.3,34.53,0.0,38.73,45.08,9.65
2025-02-17 01:00:00,121.05,446.78,131.62,201.0,34.79,0.0,38.94,51.6,12.98
2025-02-17 02:00:00,120.32,447.65,143.91,207.0,35.81,0.0,39.64,62.02,20.29
2025-02-17 03:00:00,125.5,446.41,132.96,202.69,34.89,0.0,38.87,84.79,26.71
2025-02-17 04:00:00,128.93,444.08,136.12,200.5,34.82,0.0,38.66,103.55,29.39
2025-02-17 05:00:00,131.55,445.19,153.51,204.2,35.76,0.0,41.34,152.66,36.63
2025-02-17 06:00:00,152.14,451.19,131.71,223.47,38.98,0.0,41.34,220.92,42.04
2025-02-17 07:00:00,204.75,444.3,133.72,234.03,40.85,5.07,44.43,230.34,40.66
2025-02-17 08:00:00,212.4,445.33,134.61,234.94,41.05,94.7,46.68,238.82,36.53
2025-02-17 09:00:00,171.3,449.74,134.11,225.16,40.88,261.51,44.48,218.92,39.96
2025-02-17 10:00:00,139.67,450.52,139.17,217.88,39.58,423.04,32.75,232.02,53.67
2025-02-17 11:00:00,117.19,448.29,119.75,196.07,35.35,520.43,27.42,236.7,64.94
2025-02-17 12:00:00,109.47,448.26,131.69,194.69,35.01,554.81,26.58,262.17,72.62
2025-02-17 13:00:00,106.78,448.77,129.96,199.2,34.52,521.39,27.63,266.87,81.88
2025-02-17 14:00:00,111.89,449.22,138.1,205.79,35.68,428.04,36.75,298.0,86.9
2025-02-17 15:00:00,132.3,446.02,140.67,206.89,35.84,271.63,34.75,326.61,74.4
2025-02-17 16:00:00,159.61,447.99,154.07,228.56,40.28,93.7,33.36,314.98,62.05
2025-02-17 17:00:00,222.42,447.83,166.14,237.19,43.61,4.51,36.01,291.98,48.7
2025-02-17 18:00:00,271.11,447.44,155.85,230.05,42.34,0.0,32.27,287.61,51.4
2025-02-17 19:00:00,215.4,448.54,156.32,221.59,42.79,0.0,35.9,311.46,63.11
2025-02-17 20:00:00,177.88,447.35,154.27,202.74,40.31,0.0,32.1,328.34,65.7
2025-02-17 21:00:00,155.2,447.71,142.91,181.03,36.56,0.0,28.92,351.07,66.36
2025-02-17 22:00:00,139.4,448.91,137.7,174.26,34.93,0.0,27.29,327.9,76.7
2025-02-17 23:00:00,129.56,448.53,137.9,173.73,34.97,0.0,27.74,321.45,83.35
2025-02-18 00:00:00,132.96,446.26,139.74,175.46,34.84,0.0,31.97,335.36,82.15
2025-02-18 01:00:00,125.0,447.05,135.8,170.37,33.33,0.0,29.48,364.59,91.4
2025-02-18 02:00:00,123.57,445.46,136.64,171.71,33.61,0.0,28.92,386.38,92.95
2025-02-18 03:00:00,117.11,442.76,136.25,169.81,33.43,0.0,27.29,385.69,87.45
2025-02-18 04:00:00,115.67,441.54,140.84,184.59,34.82,0.0,28.23,362.98,79.61
2025-02-18 05:00:00,121.52,442.41,145.74,187.37,36.38,0.0,28.25,319.59,75.36
2025-02-18 06:00:00,140.4,443.25,147.48,188.71,37.73,0.0,28.45,252.14,70.69
2025-02-18 07:00:00,193.99,443.34,152.43,196.33,39.5,6.02,28.98,173.06,59.65
2025-02-18 08:00:00,194.85,443.44,141.64,178.33,36.21,102.22,27.93,120.87,46.22
2025-02-18 09:00:00,142.49,444.19,141.05,179.74,36.03,282.27,27.87,105.12,33.75
2025-02-18 10:00:00,124.24,446.0,105.21,174.74,35.07,433.73,28.03,76.7,23.12
2025-02-18 11:00:00,109.71,440.83,84.41,144.11,27.5,547.92,25.2,29.68,11.98
2025-02-18 12:00:00,96.41,440.99,81.6,143.31,27.11,586.82,25.11,36.99,11.0
2025-02-18 13:00:00,88.53,444.23,60.92,142.39,26.87,549.26,24.62,54.02,13.18
2025-02-18 14:00:00,98.35,441.81,62.89,144.52,27.47,451.2,24.8,62.76,14.0
2025-02-18 15:00:00,110.0,441.68,73.65,157.68,30.55,289.15,26.29,77.21,15.59
2025-02-18 16:00:00,128.16,443.53,104.78,164.26,31.84,104.31,26.33,80.22,16.54
2025-02-18 17:00:00,177.61,446.8,132.79,169.24,33.89,5.63,26.25,102.63,17.86
2025-02-18 18:00:00,174.33,446.31,142.36,177.42,35.41,0.0,26.56,102.1,21.13
2025-02-18 19:00:00,155.91,447.06,134.68,171.62,34.28,0.0,25.99,108.91,21.69
2025-02-18 20:00:00,142.42,447.44,147.09,192.45,38.12,0.0,28.06,110.54,16.06
2025-02-18 21:00:00,129.42,448.41,143.47,205.72,36.11,0.0,27.74,95.33,11.62
2025-02-18 22:00:00,121.9,450.09,142.72,212.65,35.88,0.0,27.86,92.51,10.43
2025-02-18 23:00:00,114.45,447.73,143.0,212.66,35.9,0.0,27.85,83.7,9.17
2025-02-19 00:00:00,104.54,449.25,105.33,204.62,33.57,0.0,34.74,66.67,7.35
2025-02-19 01:00:00,99.29,451.12,165.04,219.33,45.89,0.0,53.31,35.61,6.43
2025-02-19 02:00:00,99.6,447.63,214.23,253.32,66.66,0.0,59.24,16.96,6.03
2025-02-19 03:00:00,97.3,448.06,169.45,246.62,87.64,0.0,46.67,6.28,5.66
2025-02-19 04:00:00,94.5,447.54,112.51,207.54,46.33,0.0,35.86,3.81,5.19
2025-02-19 05:00:00,97.49,451.7,151.75,228.35,48.81,0.0,48.14,2.96,5.38
2025-02-19 06:00:00,113.73,440.48,229.48,274.99,172.2,0.0,60.33,4.76,5.43
2025-02-19 07:00:00,154.23,441.0,227.6,276.45,169.31,5.62,63.66,5.19,5.55
2025-02-19 08:00:00,171.66,436.73,168.72,226.47,56.49,91.17,31.98,5.21,6.22
2025-02-19 09:00:00,128.76,436.03,141.41,209.95,36.48,274.86,36.18,5.17,8.03
2025-02-19 10:00:00,107.9,435.54,130.34,192.88,33.11,448.57,33.88,5.04,9.64
2025-02-19 11:00:00,89.29,434.47,125.82,185.08,31.64,558.68,33.34,8.7,11.75
2025-02-19 12:00:00,81.54,438.19,131.91,195.35,33.55,597.73,28.13,10.21,19.89
2025-02-19 13:00:00,82.76,438.89,101.49,198.48,34.12,569.7,34.8,12.31,26.35
2025-02-19 14:00:00,85.2,438.46,99.27,198.33,32.05,467.32,37.05,12.49,23.2
2025-02-19 15:00:00,89.02,441.3,100.85,200.84,32.72,298.48,48.08,13.75,29.01
2025-02-19 16:00:00,111.66,450.16,102.59,195.78,33.32,110.92,51.69,28.42,41.53
2025-02-19 17:00:00,131.29,432.32,111.41,193.95,35.79,6.22,47.07,89.59,72.96
2025-02-19 18:00:00,145.74,432.53,139.16,200.98,36.02,0.0,46.63,170.53,113.33
2025-02-19 19:00:00,141.69,431.25,140.07,220.33,36.26,0.0,46.44,235.26,170.42
2025-02-19 20:00:00,120.91,387.45,139.4,218.62,36.06,0.0,46.7,293.94,212.09
2025-02-19 21:00:00,113.76,393.48,113.27,219.69,36.28,0.0,47.16,388.79,209.95
2025-02-19 22:00:00,107.13,422.57,83.94,173.81,27.47,0.0,43.77,413.08,233.12
2025-02-19 23:00:00,82.31,426.11,70.74,151.68,23.38,0.0,42.39,493.63,237.76
2025-02-20 00:00:00,79.92,442.44,71.4,132.5,23.59,0.0,36.75,500.48,242.78
2025-02-20 01:00:00,82.11,438.98,75.07,114.46,24.73,0.0,36.95,520.96,271.98
2025-02-20 02:00:00,78.31,440.08,72.48,98.93,23.96,0.0,37.04,538.77,260.97
2025-02-20 03:00:00,67.94,441.69,73.02,95.82,24.13,0.0,37.21,555.57,265.54
2025-02-20 04:00:00,66.13,441.82,73.16,93.93,24.22,0.0,37.36,576.53,281.75
2025-02-20 05:00:00,65.12,443.01,77.23,103.71,24.36,0.0,37.46,634.26,264.03
2025-02-20 06:00:00,75.78,443.72,103.26,146.68,25.41,0.0,44.53,701.29,302.19
2025-02-20 07:00:00,107.86,443.05,73.71,153.04,23.9,11.14,41.51,722.8,306.78
2025-02-20 08:00:00,121.31,445.36,71.44,145.75,23.71,115.87,43.02,720.11,319.09
2025-02-20 09:00:00,92.73,446.22,71.56,113.98,23.74,264.88,38.1,758.76,352.3
2025-02-20 10:00:00,83.67,444.69,69.37,89.07,23.04,407.86,35.68,757.28,375.76
2025-02-20 11:00:00,74.7,443.55,69.9,87.43,22.81,522.04,35.63,816.35,410.91
2025-02-20 12:00:00,63.8,437.91,75.37,91.85,23.48,586.81,35.55,813.76,391.79
2025-02-20 13:00:00,62.85,439.36,60.48,68.06,18.96,518.41,33.97,773.15,352.67
2025-02-20 14:00:00,63.99,441.26,64.62,67.19,18.77,370.95,34.18,764.3,330.89
2025-02-20 15:00:00,68.19,441.71,61.87,75.94,20.44,248.05,34.86,783.03,341.63
2025-02-20 16:00:00,68.42,444.43,62.36,78.26,20.72,68.41,35.19,802.1,327.71
2025-02-20 17:00:00,72.3,445.07,61.69,77.61,20.52,2.98,34.94,842.74,341.96
2025-02-20 18:00:00,67.1,445.39,61.68,77.49,20.5,0.0,34.79,898.18,373.85
2025-02-20 19:00:00,60.66,446.22,62.06,77.99,20.62,0.0,34.79,876.19,377.48
2025-02-20 20:00:00,57.1,445.13,61.82,78.74,20.54,0.0,35.14,836.17,388.92
2025-02-20 21:00:00,50.03,442.98,61.34,77.01,20.39,0.0,34.75,813.96,386.15
2025-02-20 22:00:00,44.81,438.95,60.18,75.17,20.03,0.0,34.55,813.58,361.77
2025-02-20 23:00:00,23.43,442.85,61.26,78.06,20.36,0.0,34.66,771.22,318.32
2025-02-21 00:00:00,38.99,441.65,68.89,85.49,20.05,0.0,34.73,678.78,327.18
2025-02-21 01:00:00,41.15,437.97,70.46,74.09,19.84,0.0,34.84,642.26,310.34
2025-02-21 02:00:00,46.56,436.36,57.88,73.13,19.65,0.0,34.23,659.86,266.9
2025-02-21 03:00:00,44.41,436.11,39.96,76.92,20.35,0.0,34.9,657.43,229.09
2025-02-21 04:00:00,47.41,438.54,39.94,77.02,20.35,0.0,35.12,588.26,191.41
2025-02-21 05:00:00,54.62,447.03,39.79,76.76,20.31,0.0,36.52,547.63,155.44
2025-02-21 06:00:00,67.1,448.99,41.06,88.49,20.35,0.0,42.88,497.88,138.61
2025-02-21 07:00:00,131.7,449.39,108.16,151.88,79.81,0.54,59.89,461.19,135.92
2025-02-21 08:00:00,145.21,449.72,161.46,189.76,183.61,12.22,68.8,371.24,125.66
2025-02-21 09:00:00,120.99,450.51,103.8,144.68,119.53,34.93,44.73,309.0,106.17
2025-02-21 10:00:00,98.69,449.79,50.48,92.99,23.28,61.04,42.53,274.79,100.57
2025-02-21 11:00:00,83.41,448.37,49.72,91.97,23.41,81.7,42.53,288.77,85.77
2025-02-21 12:00:00,78.01,449.59,50.67,94.08,23.68,94.77,40.21,240.48,91.42
2025-02-21 13:00:00,76.41,440.94,49.07,91.46,23.17,96.27,34.36,247.09,105.26
2025-02-21 14:00:00,79.53,439.35,49.98,92.54,23.44,80.44,36.48,342.18,127.12
2025-02-21 15:00:00,82.95,438.76,51.38,93.05,23.88,51.46,42.9,455.7,157.82
2025-02-21 16:00:00,92.54,454.51,52.16,94.45,24.13,17.79,42.85,442.88,204.68
2025-02-21 17:00:00,89.27,442.73,54.53,98.45,24.89,1.05,42.69,683.32,244.45
2025-02-21 18:00:00,101.98,447.28,54.41,98.32,24.85,0.0,37.34,890.23,290.84
2025-02-21 19:00:00,61.91,446.69,48.82,89.04,23.11,0.0,34.6,904.72,336.49
2025-02-21 20:00:00,55.88,446.75,48.9,88.98,23.11,0.0,34.86,864.34,355.72
2025-02-21 21:00:00,52.16,445.6,50.66,91.8,23.63,0.0,35.33,808.07,346.35
2025-02-21 22:00:00,49.49,444.13,51.6,93.59,23.95,0.0,35.01,710.71,345.48
2025-02-21 23:00:00,48.6,432.16,51.96,94.84,24.06,0.0,35.09,678.19,319.65
2025-02-22 00:00:00,40.25,374.11,40.96,76.85,20.61,0.0,33.72,720.48,301.83
2025-02-22 01:00:00,41.83,358.85,37.38,70.3,19.51,0.0,33.5,724.87,296.73
2025-02-22 02:00:00,42.03,407.51,35.28,66.89,18.85,0.0,33.17,691.46,251.59
2025-02-22 03:00:00,41.34,428.24,37.36,70.37,19.51,0.0,33.65,658.23,236.9
2025-02-22 04:00:00,39.79,416.92,37.23,70.32,19.48,0.0,33.05,657.82,245.5
2025-02-22 05:00:00,40.95,449.1,36.56,69.54,19.29,0.0,32.93,646.75,262.34
2025-02-22 06:00:00,47.4,424.52,37.3,71.54,19.52,0.0,33.33,607.74,244.18
2025-02-22 07:00:00,52.12,467.33,39.06,74.21,20.08,15.03,33.76,557.01,240.87
2025-02-22 08:00:00,52.79,426.15,37.07,70.91,19.45,126.91,32.93,624.76,219.42
2025-02-22 09:00:00,60.39,439.04,34.04,65.95,18.5,275.72,32.96,587.07,208.15
2025-02-22 10:00:00,51.87,467.32,33.9,65.78,18.45,419.4,32.72,461.69,185.95
2025-02-22 11:00:00,41.98,470.14,34.42,67.36,18.57,454.97,32.78,421.1,196.61
2025-02-22 12:00:00,40.4,459.51,39.01,76.46,18.89,374.59,33.38,418.19,186.18
2025-02-22 13:00:00,52.69,442.25,38.75,72.09,19.82,279.48,33.57,492.09,176.05
2025-02-22 14:00:00,61.67,438.27,40.64,76.55,20.46,211.6,34.86,554.82,168.01
2025-02-22 15:00:00,66.11,447.3,49.66,89.65,21.12,128.77,41.97,610.46,136.36
2025-02-22 16:00:00,90.38,447.29,48.95,98.42,21.16,34.01,42.0,636.98,164.13
2025-02-22 17:00:00,108.08,434.13,39.31,95.39,20.59,1.97,41.92,663.15,199.25
2025-02-22 18:00:00,106.98,440.5,64.21,112.37,21.87,0.0,42.53,670.77,205.88
2025-02-22 19:00:00,105.89,404.04,38.24,106.05,20.43,0.0,41.79,700.98,191.19
2025-02-22 20:00:00,91.69,439.71,52.15,123.21,21.73,0.0,42.56,774.57,213.34
2025-02-22 21:00:00,91.77,439.14,45.83,140.0,21.63,0.0,36.07,841.97,218.08
2025-02-22 22:00:00,67.11,435.12,37.7,129.63,19.61,0.0,33.6,774.31,182.87
2025-02-22 23:00:00,67.11,434.45,39.26,132.17,20.07,0.0,35.4,633.35,146.5
2025-02-23 00:00:00,91.1,445.03,40.13,133.05,14.65,0.0,41.93,512.7,141.22
2025-02-23 01:00:00,84.99,426.35,38.18,128.53,11.68,0.0,41.6,323.89,123.79
2025-02-23 02:00:00,86.21,435.62,39.5,130.51,12.09,0.0,41.71,273.14,113.84
2025-02-23 03:00:00,83.63,434.86,40.11,132.11,12.3,0.0,42.06,296.98,119.59
2025-02-23 04:00:00,84.3,405.71,39.87,131.74,12.22,0.0,41.9,253.68,94.6
2025-02-23 05:00:00,85.79,429.34,34.43,123.03,10.51,0.0,41.73,265.85,106.38
2025-02-23 06:00:00,86.62,436.18,43.93,123.83,10.73,0.0,39.18,288.98,111.32
2025-02-23 07:00:00,85.0,434.24,45.49,122.48,10.53,1.78,39.97,364.22,98.09
2025-02-23 08:00:00,98.06,396.91,31.92,112.25,11.91,31.04,38.45,352.7,76.22
2025-02-23 09:00:00,93.0,413.73,34.39,87.99,19.47,79.12,34.76,327.94,87.88
2025-02-23 10:00:00,76.13,405.9,35.95,66.9,20.02,142.62,31.86,285.5,93.22
2025-02-23 11:00:00,60.46,412.3,35.62,66.14,19.92,185.76,33.07,313.12,85.82
2025-02-23 12:00:00,51.27,426.36,36.09,66.9,20.06,216.0,33.31,196.76,85.3
2025-02-23 13:00:00,50.81,426.16,37.15,68.84,20.38,191.53,33.77,173.14,106.61
2025-02-23 14:00:00,50.88,424.3,33.15,62.37,19.12,135.69,34.35,181.5,120.94
2025-02-23 15:00:00,60.4,430.77,33.93,63.78,19.39,79.18,36.45,209.21,97.73
2025-02-23 16:00:00,84.7,433.48,36.01,75.35,19.83,25.1,37.59,261.61,71.86
2025-02-23 17:00:00,150.12,409.77,65.55,125.99,22.21,1.33,37.22,248.44,60.45
2025-02-23 18:00:00,154.69,438.42,73.56,128.42,22.66,0.0,40.2,175.26,45.96
2025-02-23 19:00:00,117.03,451.19,73.38,111.33,22.4,0.0,41.0,156.29,40.42
2025-02-23 20:00:00,96.04,442.67,75.06,73.62,22.29,0.0,41.02,146.02,67.13
2025-02-23 21:00:00,77.33,432.49,39.34,68.34,20.39,0.0,35.08,125.89,115.16
2025-02-23 22:00:00,67.11,419.05,46.7,72.72,21.1,0.0,32.83,172.64,179.9
2025-02-23 23:00:00,47.81,349.4,39.24,74.29,15.88,0.0,32.26,296.85,254.47
2025-02-24 00:00:00,67.1,328.45,33.92,64.59,10.41,0.0,31.42,415.78,279.34
2025-02-24 01:00:00,19.31,325.73,32.97,63.26,10.11,0.0,32.37,470.26,267.59
2025-02-24 02:00:00,9.02,324.02,33.11,63.39,10.16,0.0,32.34,455.99,290.93
2025-02-24 03:00:00,4.09,321.35,32.72,63.04,10.05,0.0,32.18,492.9,305.38
2025-02-24 04:00:00,3.93,321.29,32.72,62.92,10.04,0.0,31.93,510.6,316.71
2025-02-24 05:00:00,3.96,380.14,32.38,62.34,10.78,0.0,31.51,765.82,328.64
2025-02-24 06:00:00,33.01,428.63,46.33,78.19,19.49,0.0,31.75,877.28,335.96
2025-02-24 07:00:00,48.89,428.51,46.61,73.74,19.04,8.53,32.72,896.22,332.03
2025-02-24 08:00:00,52.93,419.87,35.62,66.66,18.71,102.66,32.92,886.27,329.54
2025-02-24 09:00:00,51.36,435.28,36.41,68.98,19.16,196.24,31.97,866.86,329.28
2025-02-24 10:00:00,50.46,430.7,28.81,56.31,16.76,232.04,31.13,867.35,319.91
2025-02-24 11:00:00,44.96,388.72,30.81,59.55,17.38,239.91,30.79,844.06,315.05
2025-02-24 12:00:00,41.88,324.11,30.8,59.5,17.37,228.34,31.4,840.16,311.43
2025-02-24 13:00:00,39.99,323.4,30.4,58.72,17.24,182.83,31.76,843.37,322.25
2025-02-24 14:00:00,40.02,327.86,31.42,58.73,17.21,103.77,31.48,806.55,312.7
2025-02-24 15:00:00,42.63,373.17,30.83,59.31,17.38,58.16,31.72,834.52,329.63
2025-02-24 16:00:00,50.0,333.79,31.12,59.83,17.48,20.54,31.7,868.02,364.91
2025-02-24 17:00:00,62.67,394.37,35.43,66.8,18.82,1.15,31.96,907.15,368.29
2025-02-24 18:00:00,77.75,374.18,34.47,68.91,19.22,0.0,37.47,909.82,367.7
2025-02-24 19:00:00,87.22,380.86,33.87,68.31,19.1,0.0,39.24,905.5,358.28
2025-02-24 20:00:00,77.2,405.7,37.49,74.05,20.22,0.0,39.72,918.47,338.54
2025-02-24 21:00:00,67.11,409.74,34.89,69.83,19.4,0.0,39.44,926.14,342.37
2025-02-24 22:00:00,60.92,377.85,37.14,70.33,19.49,0.0,38.99,921.95,351.03
2025-02-24 23:00:00,78.8,371.41,37.93,70.89,19.6,0.0,38.95,921.96,339.64
2025-02-25 00:00:00,86.47,369.57,39.7,73.64,20.15,0.0,39.51,893.56,289.22
2025-02-25 01:00:00,89.91,387.38,41.29,79.96,20.62,0.0,40.21,715.33,167.1
2025-02-25 02:00:00,92.42,424.96,38.11,90.28,19.63,0.0,40.07,644.87,115.99
2025-02-25 03:00:00,92.44,425.12,37.16,69.95,19.33,0.0,40.35,502.8,110.14
2025-02-25 04:00:00,94.32,419.86,39.65,73.94,20.12,0.0,40.15,202.86,106.14
2025-02-25 05:00:00,102.02,429.23,40.46,73.72,20.11,0.0,39.83,144.11,103.62
2025-02-25 06:00:00,141.48,433.07,63.51,78.59,19.69,0.0,40.18,166.92,93.17
2025-02-25 07:00:00,167.17,432.89,72.27,127.8,19.7,1.67,39.79,219.33,115.03
2025-02-25 08:00:00,173.34,397.62,70.62,129.59,19.49,18.46,39.48,204.79,96.46
2025-02-25 09:00:00,153.73,431.76,108.1,146.78,32.12,56.56,45.01,94.81,68.21
2025-02-25 10:00:00,140.37,425.76,40.24,128.62,19.99,104.76,38.94,45.48,53.4
2025-02-25 11:00:00,126.75,425.21,35.11,128.22,19.48,145.59,39.8,38.6,49.64
2025-02-25 12:00:00,124.64,380.43,32.91,124.49,18.79,231.76,39.39,32.36,39.24
2025-02-25 13:00:00,125.81,425.45,36.77,130.54,20.0,198.23,40.69,20.73,40.72
2025-02-25 14:00:00,134.39,429.22,38.99,133.07,20.34,135.08,40.76,4.67,36.98
2025-02-25 15:00:00,148.35,435.92,71.66,140.01,21.44,67.12,40.82,6.12,24.52
2025-02-25 16:00:00,170.68,455.81,81.03,146.27,22.62,46.42,45.34,3.38,22.08
2025-02-25 17:00:00,207.98,464.99,84.87,152.45,23.92,4.74,50.13,23.3,22.04
2025-02-25 18:00:00,233.05,459.79,82.56,144.04,23.26,0.0,44.2,44.9,25.49
2025-02-25 19:00:00,188.1,430.14,79.89,139.69,22.41,3.96,41.04,27.2,27.38
2025-02-25 20:00:00,156.96,428.24,74.94,131.38,20.84,0.0,40.7,8.07,20.98
2025-02-25 21:00:00,142.47,432.74,36.5,119.51,18.55,0.0,40.12,4.95,17.49
2025-02-25 22:00:00,129.46,442.03,34.17,119.16,18.5,0.0,39.25,5.17,18.47
2025-02-25 23:00:00,115.13,432.02,38.96,127.17,19.98,0.0,40.4,5.06,19.8
2025-02-26 00:00:00,122.99,427.0,35.37,121.45,14.01,0.1,39.25,5.15,17.41
2025-02-26 01:00:00,119.82,426.98,35.01,120.75,10.71,0.8,39.61,5.03,16.44
2025-02-26 02:00:00,116.94,426.09,39.69,128.23,12.18,0.64,40.06,7.68,15.74
2025-02-26 03:00:00,115.98,406.12,38.66,126.71,11.87,0.26,40.08,12.15,15.56
2025-02-26 04:00:00,116.56,410.26,38.71,126.85,11.91,0.01,40.12,28.06,17.64
2025-02-26 05:00:00,117.27,434.34,44.0,134.11,13.29,0.04,40.56,55.12,20.48
2025-02-26 06:00:00,132.65,442.55,74.25,135.33,13.54,2.75,41.11,58.86,19.96
2025-02-26 07:00:00,159.93,444.62,81.31,138.68,16.29,3.85,41.42,53.84,17.78
2025-02-26 08:00:00,175.2,454.18,78.84,134.24,21.24,18.41,40.85,61.82,19.18
2025-02-26 09:00:00,160.23,451.3,77.06,133.44,20.64,46.37,40.46,57.15,19.22
2025-02-26 10:00:00,141.37,443.9,40.98,126.41,19.86,77.2,39.97,32.44,18.46
2025-02-26 11:00:00,129.95,441.28,45.45,132.37,20.42,97.65,40.55,36.17,17.58
2025-02-26 12:00:00,120.53,433.77,44.14,134.15,21.36,98.95,40.54,20.8,15.55
2025-02-26 13:00:00,119.89,426.51,40.98,130.12,20.62,91.26,40.41,5.41,16.42
2025-02-26 14:00:00,125.12,425.32,41.25,130.38,20.7,78.0,39.97,6.04,18.12
2025-02-26 15:00:00,132.91,429.88,65.61,140.9,21.97,48.24,41.03,4.38,16.74
2025-02-26 16:00:00,149.75,435.79,78.22,137.47,22.25,20.87,39.56,3.15,17.32
2025-02-26 17:00:00,165.02,440.39,93.85,147.7,28.74,3.06,40.9,6.11,16.85
2025-02-26 18:00:00,172.57,441.21,79.69,138.92,22.29,0.0,40.5,5.48,16.42
2025-02-26 19:00:00,162.83,434.97,80.13,139.56,22.42,0.0,41.2,4.77,16.88
2025-02-26 20:00:00,147.39,432.06,79.5,138.46,22.2,0.0,40.59,4.88,16.5
2025-02-26 21:00:00,118.45,433.33,44.0,134.96,21.53,0.0,39.96,6.2,15.42
2025-02-26 22:00:00,120.95,426.96,43.91,135.49,21.63,0.0,40.48,13.84,16.69
2025-02-26 23:00:00,112.46,428.13,44.32,135.56,15.61,0.0,40.64,9.63,16.35
2025-02-27 00:00:00,101.48,425.55,48.61,131.82,12.81,0.0,39.93,14.1,13.88
2025-02-27 01:00:00,103.81,423.69,48.92,131.02,11.64,0.0,39.87,9.79,14.36
2025-02-27 02:00:00,101.24,426.16,38.04,131.69,11.48,0.0,39.7,25.13,15.69
2025-02-27 03:00:00,99.6,426.54,37.0,131.36,11.39,0.0,39.78,10.25,15.65
2025-02-27 04:00:00,100.43,373.16,37.24,131.37,11.47,0.0,40.67,5.13,14.35
2025-02-27 05:00:00,105.87,420.28,38.07,116.71,11.4,0.0,39.55,4.91,16.01
2025-02-27 06:00:00,115.15,406.66,69.61,128.58,12.16,0.0,39.98,8.11,17.93
2025-02-27 07:00:00,152.33,436.18,78.09,130.94,15.59,5.05,40.51,25.32,26.03
2025-02-27 08:00:00,159.06,434.63,77.86,122.37,21.1,37.51,40.23,40.23,29.27
2025-02-27 09:00:00,142.59,430.15,77.2,121.38,20.94,75.35,40.7,52.98,35.71
2025-02-27 10:00:00,129.95,429.83,45.92,124.18,22.77,107.68,41.26,51.15,37.72
2025-02-27 11:00:00,110.01,427.43,38.33,115.42,19.96,135.45,40.26,40.68,29.8
2025-02-27 12:00:00,101.12,423.69,30.32,101.63,17.33,157.45,39.5,23.19,22.82
2025-02-27 13:00:00,109.26,427.52,27.68,97.85,16.49,141.08,39.55,22.1,25.8
2025-02-27 14:00:00,110.01,426.71,29.34,100.61,17.0,107.03,39.38,31.76,23.02
2025-02-27 15:00:00,123.01,426.02,47.07,127.52,22.22,60.04,41.19,48.27,30.82
2025-02-27 16:00:00,142.63,426.86,77.42,132.23,23.11,26.11,41.67,49.18,34.49
2025-02-27 17:00:00,158.71,428.62,85.11,136.54,23.95,3.11,43.06,36.99,39.22
2025-02-27 18:00:00,174.72,428.34,90.03,144.84,25.55,0.0,42.35,58.37,39.71
2025-02-27 19:00:00,163.18,426.96,90.42,145.65,25.69,0.0,42.48,28.78,35.51
2025-02-27 20:00:00,144.62,426.68,99.85,148.22,25.77,0.0,42.02,14.58,27.7
2025-02-27 21:00:00,136.54,430.22,54.96,155.76,24.72,0.0,41.89,10.25,34.47
2025-02-27 22:00:00,124.69,428.26,53.37,151.13,25.62,0.0,41.26,25.65,44.32
2025-02-27 23:00:00,114.89,428.76,39.65,117.38,21.21,0.0,40.17,26.17,34.23
2025-02-28 00:00:00,115.47,428.55,33.63,119.15,19.33,0.0,40.1,18.03,29.27
2025-02-28 01:00:00,110.54,430.36,33.82,119.09,19.4,0.0,39.61,16.45,35.8
2025-02-28 02:00:00,109.38,429.95,33.32,118.08,19.25,0.0,41.47,12.86,41.36
2025-02-28 03:00:00,106.93,425.26,33.12,114.8,19.2,0.0,38.93,15.51,58.49
2025-02-28 04:00:00,112.03,424.88,33.99,112.14,19.15,0.0,38.7,23.53,61.35
2025-02-28 05:00:00,112.63,430.08,68.13,115.93,20.65,0.0,37.71,55.54,88.4
2025-02-28 06:00:00,135.99,428.98,85.13,149.17,17.76,0.0,40.41,86.78,89.66
2025-02-28 07:00:00,150.02,428.62,94.34,155.83,17.4,2.68,40.32,95.08,106.82
2025-02-28 08:00:00,161.83,428.1,87.86,147.16,16.7,16.04,41.61,132.15,126.79
2025-02-28 09:00:00,145.52,427.11,84.17,140.98,15.76,36.76,42.17,153.75,118.72
2025-02-28 10:00:00,127.71,430.72,72.04,140.85,15.7,60.5,41.95,121.13,85.17
2025-02-28 11:00:00,115.97,429.25,39.89,123.25,12.33,83.43,39.36,145.09,81.03
2025-02-28 12:00:00,109.54,424.9,37.12,118.54,11.46,127.73,38.93,105.39,75.93
2025-02-28 13:00:00,108.59,428.16,43.15,128.28,13.34,112.74,40.53,100.81,79.41
2025-02-28 14:00:00,111.59,431.39,48.62,135.45,14.73,94.43,40.81,54.67,83.66
2025-02-28 15:00:00,125.58,429.53,93.36,150.12,23.03,54.95,42.52,52.17,80.71
2025-02-28 16:00:00,135.05,426.97,102.88,162.92,17.93,23.3,42.25,10.54,79.38
2025-02-28 17:00:00,152.87,426.7,91.41,147.65,22.61,3.01,41.39,19.41,70.78
2025-02-28 18:00:00,161.25,429.54,97.45,162.59,26.98,0.0,42.78,12.22,47.93
2025-02-28 19:00:00,158.86,427.23,90.98,151.18,26.33,0.0,42.08,8.03,35.59
2025-02-28 20:00:00,143.96,426.34,90.66,148.99,26.24,0.0,42.22,7.3,48.09
2025-02-28 21:00:00,132.94,424.48,98.13,161.22,34.62,0.0,42.16,28.72,54.32
2025-02-28 22:00:00,127.43,427.66,98.72,161.3,38.68,0.0,41.61,90.25,49.55
2025-02-28 23:00:00,119.03,426.96,64.9,158.24,26.46,0.0,41.67,129.44,51.58
2025-03-01 00:00:00,128.2,426.61,62.12,154.28,24.55,0.0,41.22,171.67,54.46
2025-03-01 01:00:00,120.38,425.59,48.69,148.75,22.85,0.0,40.67,173.01,45.63
2025-03-01 02:00:00,117.09,426.82,34.59,127.06,18.7,0.0,39.19,261.57,43.95
2025-03-01 03:00:00,112.15,426.32,32.42,123.9,18.08,0.0,39.07,251.75,42.84
2025-03-01 04:00:00,109.75,426.15,38.61,130.17,19.27,0.0,35.45,263.48,49.43
2025-03-01 05:00:00,111.89,424.87,42.9,134.02,20.0,0.0,33.03,272.68,37.69
2025-03-01 06:00:00,117.11,426.24,42.55,133.03,20.14,0.0,38.62,241.07,30.28
2025-03-01 07:00:00,135.81,428.16,77.77,139.95,22.83,7.86,41.11,202.55,27.34
2025-03-01 08:00:00,138.82,426.05,84.6,151.41,23.3,46.06,40.78,151.75,27.36
2025-03-01 09:00:00,137.77,426.52,85.14,153.21,23.47,97.49,40.74,164.68,25.5
2025-03-01 10:00:00,125.08,427.27,84.48,152.26,23.27,150.68,41.55,121.66,33.61
2025-03-01 11:00:00,112.1,426.75,39.36,132.37,19.51,252.36,39.81,156.34,46.7
2025-03-01 12:00:00,102.21,,,,,307.75,,127.51,42.97
2025-03-01 13:00:00,97.27,425.82,33.09,125.46,18.62,290.73,39.26,125.98,44.93
2025-03-01 14:00:00,99.39,427.68,34.12,127.56,19.31,363.3,39.45,148.41,58.22
2025-03-01 15:00:00,97.8,427.61,34.62,127.92,19.65,270.67,40.08,219.73,92.79
2025-03-01 16:00:00,125.41,428.96,50.56,152.8,24.28,155.88,41.64,218.57,112.92
2025-03-01 17:00:00,145.0,428.08,82.9,159.33,25.59,26.87,41.84,233.87,122.66
2025-03-01 18:00:00,158.55,429.91,87.69,160.76,25.87,0.0,42.14,239.83,139.99
2025-03-01 19:00:00,150.78,427.01,103.28,169.57,32.95,0.0,43.1,317.35,154.84
2025-03-01 20:00:00,133.41,429.12,89.48,160.03,25.67,0.0,42.54,391.96,153.44
2025-03-01 21:00:00,125.42,424.24,42.08,137.32,20.81,0.0,41.41,501.97,171.61
2025-03-01 22:00:00,122.03,424.78,39.38,136.99,20.14,0.0,39.82,602.58,175.5
2025-03-01 23:00:00,119.92,426.38,39.73,137.22,20.26,0.0,36.44,551.57,183.82
2025-03-02 00:00:00,102.61,433.31,38.28,134.89,19.8,0.0,33.59,630.49,211.42
2025-03-02 01:00:00,57.86,434.36,35.1,121.56,18.81,0.0,31.91,683.54,214.65
2025-03-02 02:00:00,30.22,435.27,33.82,102.08,18.41,0.0,31.82,663.07,212.22
2025-03-02 03:00:00,21.37,433.4,32.95,105.12,18.14,0.0,31.75,698.64,208.71
2025-03-02 04:00:00,19.06,426.68,33.04,104.79,18.17,0.0,31.42,680.62,171.13
2025-03-02 05:00:00,19.05,426.8,38.94,112.72,18.78,0.0,31.97,620.21,155.69
2025-03-02 06:00:00,43.56,429.97,46.28,94.16,19.03,0.0,31.95,712.59,182.91
2025-03-02 07:00:00,90.69,432.34,30.11,119.57,17.36,11.43,31.51,751.66,172.16
2025-03-02 08:00:00,103.11,428.89,28.08,116.06,17.28,79.69,31.49,710.48,180.92
2025-03-02 09:00:00,89.0,428.84,28.22,112.15,17.34,233.54,31.04,717.4,221.72
2025-03-02 10:00:00,33.71,430.94,29.46,108.37,17.11,384.53,31.75,759.91,293.94
2025-03-02 11:00:00,11.22,362.6,34.92,107.42,18.68,524.97,32.0,777.3,310.3
2025-03-02 12:00:00,7.4,284.82,42.61,117.22,21.07,544.49,32.73,777.08,321.48
2025-03-02 13:00:00,3.14,274.95,41.49,114.67,20.72,482.78,33.01,225.8,307.73
2025-03-02 14:00:00,2.85,276.29,42.37,116.64,20.98,503.69,34.91,280.17,318.16
2025-03-02 15:00:00,19.0,276.52,43.07,115.67,21.2,296.77,39.95,886.12,341.47
2025-03-02 16:00:00,54.16,277.16,44.37,138.92,21.6,96.9,41.08,900.63,343.5
2025-03-02 17:00:00,99.69,235.79,42.53,144.88,21.75,24.57,40.91,864.43,325.99
2025-03-02 18:00:00,136.58,278.93,43.33,146.52,22.07,0.02,42.96,849.15,293.93
2025-03-02 19:00:00,117.23,278.73,42.8,144.74,21.89,0.0,40.58,832.28,264.23
2025-03-02 20:00:00,80.9,277.17,43.61,132.13,22.13,0.0,33.19,749.09,273.62
2025-03-02 21:00:00,61.1,323.89,31.87,63.95,17.88,0.0,28.48,814.82,284.93
2025-03-02 22:00:00,35.12,414.53,29.83,77.4,17.14,0.0,28.21,824.11,300.08
2025-03-02 23:00:00,25.41,435.75,29.77,98.36,17.13,0.0,28.54,814.62,320.88
2025-03-03 00:00:00,28.31,440.61,29.7,96.85,11.3,0.0,28.59,818.39,372.51
2025-03-03 01:00:00,27.04,438.07,29.41,96.25,9.01,0.0,28.26,849.37,382.78
2025-03-03 02:00:00,25.8,424.22,29.56,96.13,9.05,0.0,28.27,845.42,367.68
2025-03-03 03:00:00,20.11,389.17,28.11,93.6,8.61,0.0,27.85,873.39,353.03
2025-03-03 04:00:00,14.94,436.57,27.69,92.77,8.48,0.0,28.05,867.51,335.05
2025-03-03 05:00:00,20.11,434.24,25.82,89.75,7.88,0.0,25.19,865.2,359.15
2025-03-03 06:00:00,41.81,431.19,28.67,93.96,8.78,0.0,20.77,862.31,378.93
2025-03-03 07:00:00,58.7,430.37,41.68,89.71,14.2,9.55,21.31,873.6,407.39
2025-03-03 08:00:00,70.1,439.04,42.96,83.63,20.68,59.85,22.5,880.74,405.08
2025-03-03 09:00:00,44.59,412.26,42.29,102.05,21.07,180.86,22.59,864.61,416.53
2025-03-03 10:00:00,20.1,424.68,41.2,114.34,20.72,405.25,22.37,823.85,438.84
2025-03-03 11:00:00,4.29,339.94,34.32,103.14,18.57,502.44,21.74,802.97,397.11
2025-03-03 12:00:00,2.43,254.59,27.79,92.34,16.51,476.3,20.52,335.46,437.0
2025-03-03 13:00:00,1.67,265.33,26.34,89.85,16.06,508.17,20.98,322.01,459.13
2025-03-03 14:00:00,10.81,286.55,26.79,92.4,16.21,316.32,21.01,781.38,472.98
2025-03-03 15:00:00,34.89,282.43,26.8,131.19,16.22,155.31,20.25,892.76,444.55
2025-03-03 16:00:00,70.65,281.45,33.69,131.29,18.36,79.07,23.41,903.45,395.28
2025-03-03 17:00:00,129.19,436.96,58.84,137.92,24.3,13.39,31.14,886.87,385.5
2025-03-03 18:00:00,163.66,435.94,50.09,122.67,24.18,0.0,31.36,872.56,354.88
2025-03-03 19:00:00,102.7,439.75,50.01,132.66,24.13,0.0,31.23,867.47,350.53
2025-03-03 20:00:00,88.19,434.99,51.38,132.46,24.0,0.0,31.23,873.11,394.45
2025-03-03 21:00:00,79.94,379.43,48.41,148.92,22.93,0.0,30.69,880.35,370.74
2025-03-03 22:00:00,69.01,436.23,30.83,154.48,17.44,0.0,28.53,838.8,349.43
2025-03-03 23:00:00,40.3,434.19,28.25,153.82,16.62,0.0,28.22,875.28,335.59
2025-03-04 00:00:00,65.55,432.69,29.67,156.62,17.06,0.0,28.55,861.55,314.83
2025-03-04 01:00:00,54.39,386.04,29.92,146.93,17.12,0.0,28.42,864.68,291.53
2025-03-04 02:00:00,32.29,306.45,32.42,92.12,17.9,0.0,29.07,860.43,342.63
2025-03-04 03:00:00,20.11,232.65,35.83,92.3,18.99,0.0,29.28,868.21,384.54
2025-03-04 04:00:00,20.1,271.14,33.11,87.76,18.12,0.0,28.82,866.52,343.41
2025-03-04 05:00:00,42.51,353.57,50.73,100.67,20.6,0.0,29.67,834.39,319.84
2025-03-04 06:00:00,52.96,376.85,54.64,99.12,22.94,0.01,30.02,768.17,306.38
2025-03-04 07:00:00,65.9,371.77,69.11,102.03,21.79,13.11,31.66,643.3,294.56
2025-03-04 08:00:00,62.85,399.17,69.62,128.6,16.1,71.43,31.02,668.55,310.04
2025-03-04 09:00:00,61.23,427.06,43.05,133.49,13.05,130.02,24.42,748.08,325.53
2025-03-04 10:00:00,25.3,372.25,41.36,148.27,12.59,192.02,22.2,766.77,371.19
2025-03-04 11:00:00,13.26,293.92,32.09,96.05,9.42,245.32,20.93,739.58,362.06
2025-03-04 12:00:00,4.0,229.47,29.03,84.3,7.25,312.75,19.83,762.4,386.75
2025-03-04 13:00:00,4.04,200.57,31.35,98.96,7.93,253.75,19.86,766.88,368.45
2025-03-04 14:00:00,10.11,224.66,39.54,138.09,10.49,230.64,21.4,903.42,427.37
2025-03-04 15:00:00,30.07,312.83,42.31,144.92,11.35,186.61,26.96,903.44,423.23
2025-03-04 16:00:00,32.66,373.6,41.69,129.26,12.66,96.08,30.71,913.28,406.87
2025-03-04 17:00:00,74.91,328.32,44.73,124.3,13.76,18.61,31.37,920.48,398.31
2025-03-04 18:00:00,64.54,385.33,43.96,119.26,12.82,0.0,30.77,851.3,392.86
2025-03-04 19:00:00,42.3,318.04,31.65,118.46,9.7,0.0,29.36,792.5,374.72
2025-03-04 20:00:00,29.85,315.82,30.95,137.42,9.47,0.0,28.14,825.65,386.36
2025-03-04 21:00:00,25.33,415.05,29.81,139.45,9.11,0.0,27.92,877.11,363.45
2025-03-04 22:00:00,25.52,439.34,30.35,133.33,9.28,0.0,28.15,735.44,335.57
2025-03-04 23:00:00,20.1,442.64,32.4,98.9,9.92,0.0,28.37,637.46,341.03
2025-03-05 00:00:00,4.0,339.8,29.53,91.57,9.02,0.0,22.33,654.29,424.23
2025-03-05 01:00:00,4.0,300.45,28.36,97.89,8.66,0.0,20.58,793.76,487.49
2025-03-05 02:00:00,4.0,307.09,28.96,100.96,8.68,0.0,20.61,640.18,432.87
2025-03-05 03:00:00,4.0,323.33,32.49,105.02,8.71,0.0,20.45,736.47,424.94
2025-03-05 04:00:00,9.8,301.94,27.77,97.51,8.51,0.0,20.44,737.4,371.77
2025-03-05 05:00:00,4.0,303.23,27.54,97.04,8.44,0.0,20.02,922.51,323.6
2025-03-05 06:00:00,16.04,365.78,27.71,90.42,8.51,0.08,20.38,865.27,422.13
2025-03-05 07:00:00,43.93,380.09,32.67,112.87,10.07,27.15,20.51,947.21,466.75
2025-03-05 08:00:00,39.29,368.28,32.81,113.05,10.12,99.06,21.0,942.66,458.41
2025-03-05 09:00:00,12.6,257.76,29.97,95.59,9.23,174.79,20.71,941.42,473.54
2025-03-05 10:00:00,0.34,210.34,30.23,89.98,9.31,245.81,20.26,234.58,428.56
2025-03-05 11:00:00,-0.67,240.46,30.32,88.68,9.33,310.14,21.24,189.82,361.19
2025-03-05 12:00:00,-0.7,268.99,30.31,90.38,9.32,361.58,20.23,331.55,339.66
2025-03-05 13:00:00,-0.78,268.36,29.9,90.36,9.25,375.1,20.54,385.29,311.31
2025-03-05 14:00:00,0.01,271.62,30.2,91.96,9.36,356.55,18.73,258.05,418.44
2025-03-05 15:00:00,3.97,289.44,30.36,92.65,9.46,255.98,18.94,726.39,447.26
2025-03-05 16:00:00,13.23,330.8,30.24,71.94,13.2,136.35,25.7,926.6,510.81
2025-03-05 17:00:00,60.4,438.87,41.27,118.36,20.9,30.03,29.01,933.62,489.49
2025-03-05 18:00:00,60.41,338.66,48.27,144.76,23.1,0.22,29.12,917.21,492.76
2025-03-05 19:00:00,43.5,380.01,47.25,143.71,22.77,0.0,29.54,927.66,497.52
2025-03-05 20:00:00,34.76,334.23,46.63,167.38,22.26,0.0,29.32,927.15,482.81
2025-03-05 21:00:00,33.55,330.42,43.54,140.21,14.06,0.0,29.7,900.4,462.19
2025-03-05 22:00:00,31.31,369.46,43.27,114.74,13.5,0.0,30.47,878.36,438.08
2025-03-05 23:00:00,31.16,306.14,42.57,112.69,13.29,0.0,30.86,874.52,433.55
2025-03-06 00:00:00,30.3,334.15,53.22,116.98,14.38,0.0,37.88,864.59,426.37
2025-03-06 01:00:00,29.53,346.67,32.52,96.48,10.13,0.0,29.7,893.44,395.24
2025-03-06 02:00:00,35.47,323.04,33.07,97.75,10.3,0.0,29.44,860.02,360.75
2025-03-06 03:00:00,39.26,356.84,32.95,103.44,10.26,0.0,29.26,766.92,341.88
2025-03-06 04:00:00,47.4,407.5,33.28,107.45,10.39,0.0,29.23,724.79,316.37
2025-03-06 05:00:00,65.97,421.39,52.16,128.07,18.07,0.0,36.72,630.08,318.91
2025-03-06 06:00:00,93.16,409.71,37.21,130.45,20.63,0.29,29.44,650.81,277.64
2025-03-06 07:00:00,139.44,413.31,36.34,120.64,20.31,45.9,34.39,563.48,227.54
2025-03-06 08:00:00,108.51,415.31,50.61,117.66,19.8,194.13,30.35,565.17,208.61
2025-03-06 09:00:00,78.7,389.6,38.84,123.83,20.93,368.37,25.85,538.7,187.14
2025-03-06 10:00:00,50.47,381.25,34.1,107.43,19.41,507.81,21.25,536.39,174.07
2025-03-06 11:00:00,4.02,307.56,31.05,86.67,18.47,594.83,21.15,502.75,158.1
2025-03-06 12:00:00,0.08,270.53,30.86,88.04,18.38,605.68,20.82,151.91,145.26
2025-03-06 13:00:00,0.02,238.73,34.36,89.03,19.45,581.65,21.3,138.21,125.08
2025-03-06 14:00:00,13.16,248.05,43.07,86.75,22.17,493.96,23.46,363.1,120.99
2025-03-06 15:00:00,63.61,265.92,45.27,112.46,22.89,350.78,31.33,331.92,126.74
2025-03-06 16:00:00,99.2,401.56,54.64,126.96,25.24,170.17,32.15,332.89,112.57
2025-03-06 17:00:00,129.7,449.78,80.6,132.7,25.02,32.68,38.34,275.12,114.23
2025-03-06 18:00:00,165.36,445.85,85.16,132.28,24.26,0.1,32.19,180.27,114.31
2025-03-06 19:00:00,149.11,404.94,87.4,152.49,24.87,0.0,32.66,208.67,99.32
2025-03-06 20:00:00,125.64,379.05,85.84,155.68,24.21,0.0,32.74,182.57,92.46
2025-03-06 21:00:00,106.63,390.14,55.89,157.49,24.64,0.0,33.64,153.63,89.36
2025-03-06 22:00:00,101.47,405.87,54.25,158.12,24.79,0.0,32.18,138.11,88.05
2025-03-06 23:00:00,91.11,416.83,52.22,155.06,24.15,0.0,31.85,134.92,74.29
2025-03-07 00:00:00,90.27,419.04,54.28,158.26,21.71,0.0,32.28,100.64,63.02
2025-03-07 01:00:00,90.27,407.12,52.32,155.0,16.16,0.0,31.92,94.93,79.19
2025-03-07 02:00:00,91.38,405.78,50.91,153.31,15.73,0.0,31.82,105.51,89.76
2025-03-07 03:00:00,91.69,410.82,52.25,155.55,16.15,0.0,31.8,109.3,87.24
2025-03-07 04:00:00,98.13,402.99,53.86,157.94,16.65,0.0,32.47,71.62,95.54
2025-03-07 05:00:00,115.16,436.38,54.74,159.08,16.93,0.0,32.46,85.2,65.47
2025-03-07 06:00:00,135.67,435.95,72.49,179.42,20.81,0.77,34.57,146.45,70.62
2025-03-07 07:00:00,147.7,423.59,59.4,165.84,18.05,51.56,32.17,136.15,70.07
2025-03-07 08:00:00,122.23,398.54,50.01,152.32,15.45,197.19,30.81,121.92,71.41
2025-03-07 09:00:00,83.0,444.15,44.02,141.92,13.54,366.09,30.78,114.88,62.81
2025-03-07 10:00:00,65.3,414.21,36.5,118.13,11.13,479.84,30.41,108.02,48.52
2025-03-07 11:00:00,31.51,300.2,36.6,95.58,11.21,552.3,29.27,92.56,41.97
2025-03-07 12:00:00,13.08,222.55,36.91,88.21,11.3,532.96,28.7,76.26,31.23
2025-03-07 13:00:00,8.08,206.7,36.52,89.33,17.4,512.4,30.1,109.85,27.53
2025-03-07 14:00:00,37.05,236.47,36.2,97.96,20.06,447.04,30.09,126.77,37.37
2025-03-07 15:00:00,90.15,229.28,36.59,121.48,20.2,320.53,31.23,103.09,39.8
2025-03-07 16:00:00,126.99,230.35,41.46,118.59,21.39,159.95,31.34,185.29,29.96
2025-03-07 17:00:00,149.92,251.8,67.02,125.52,21.37,34.25,31.28,202.78,30.89
2025-03-07 18:00:00,216.65,270.4,77.46,134.93,22.58,0.15,32.08,145.3,40.68
2025-03-07 19:00:00,178.68,277.06,79.27,138.82,23.2,0.0,32.01,81.44,44.96
2025-03-07 20:00:00,148.7,290.75,78.87,136.36,23.07,0.0,32.07,50.41,45.89
2025-03-07 21:00:00,132.4,351.97,73.64,132.94,21.4,0.0,31.23,21.11,35.7
2025-03-07 22:00:00,119.11,377.93,41.02,137.37,21.62,0.0,31.6,11.66,35.81
2025-03-07 23:00:00,111.83,398.04,46.63,145.79,22.97,0.0,31.94,11.87,24.72
2025-03-08 00:00:00,124.97,435.76,40.3,139.2,20.93,0.0,31.58,35.41,20.81
2025-03-08 01:00:00,113.94,478.21,39.25,138.99,20.83,0.0,31.88,15.11,20.71
2025-03-08 02:00:00,117.22,432.41,36.51,134.64,19.98,0.0,31.15,5.8,18.67
2025-03-08 03:00:00,116.76,423.51,36.56,134.6,19.98,0.0,30.87,4.24,16.81
2025-03-08 04:00:00,118.42,477.28,37.19,135.17,20.18,0.0,30.91,5.35,14.39
2025-03-08 05:00:00,121.3,458.82,36.93,134.62,20.1,0.0,30.8,5.54,14.6
2025-03-08 06:00:00,127.82,438.01,36.96,134.84,20.1,1.2,30.69,5.61,15.46
2025-03-08 07:00:00,120.6,432.3,33.08,128.91,18.89,57.09,30.19,5.49,15.52
2025-03-08 08:00:00,98.05,419.64,30.41,118.04,12.13,190.51,29.36,5.43,15.53
2025-03-08 09:00:00,72.54,299.15,26.38,86.34,8.02,303.07,29.23,5.32,16.27
2025-03-08 10:00:00,18.05,212.84,25.74,51.06,7.81,450.63,28.89,5.27,15.33
2025-03-08 11:00:00,2.07,128.0,24.85,44.14,7.53,497.8,28.78,4.89,15.54
2025-03-08 12:00:00,-0.33,112.66,25.04,44.15,7.58,514.57,28.88,7.77,10.23
2025-03-08 13:00:00,-0.1,102.06,24.94,43.54,7.54,493.85,28.67,4.38,8.94
2025-03-08 14:00:00,2.76,109.47,25.01,53.41,7.56,440.69,28.38,7.56,11.27
2025-03-08 15:00:00,53.53,235.54,29.9,84.96,9.09,319.58,31.32,20.1,17.28
2025-03-08 16:00:00,100.87,323.47,28.18,100.62,8.7,172.36,28.36,48.67,23.22
2025-03-08 17:00:00,145.58,475.18,29.63,123.33,16.4,37.45,28.72,64.07,40.33
2025-03-08 18:00:00,174.04,419.93,29.15,122.38,17.66,0.24,28.74,84.62,61.89
2025-03-08 19:00:00,140.03,430.88,26.12,117.28,16.73,0.0,28.43,68.37,71.3
2025-03-08 20:00:00,111.21,455.57,26.13,114.07,16.09,0.0,28.08,60.41,82.81
2025-03-08 21:00:00,100.01,457.78,25.49,111.01,15.79,0.0,27.96,63.64,74.1
2025-03-08 22:00:00,99.24,429.71,26.04,107.25,15.96,0.0,28.85,76.47,89.85
2025-03-08 23:00:00,97.94,409.37,26.54,97.56,16.13,0.0,28.2,99.42,93.21
2025-03-09 00:00:00,95.19,380.85,24.89,110.22,15.62,0.0,28.2,135.18,94.42
2025-03-09 01:00:00,94.81,364.18,26.33,113.55,16.07,0.0,28.31,126.54,96.03
2025-03-09 02:00:00,94.44,373.07,27.52,115.43,16.47,0.0,28.68,127.75,96.12
2025-03-09 03:00:00,96.51,434.17,29.9,119.87,16.71,0.0,28.89,133.7,86.11
2025-03-09 04:00:00,98.67,441.83,27.71,116.38,8.81,0.0,28.53,178.65,109.66
2025-03-09 05:00:00,101.51,476.15,26.64,114.28,8.18,0.0,28.14,311.19,123.48
2025-03-09 06:00:00,100.0,470.24,23.93,109.83,7.35,1.37,28.05,427.45,146.75
2025-03-09 07:00:00,93.0,403.42,23.07,106.93,7.08,62.87,28.0,393.47,170.7
2025-03-09 08:00:00,59.02,349.37,21.81,96.63,6.68,197.31,27.86,389.92,139.69
2025-03-09 09:00:00,24.41,272.15,20.54,85.33,6.27,348.27,27.57,414.73,78.68
2025-03-09 10:00:00,21.32,225.85,22.8,48.59,6.92,450.1,27.95,282.52,49.88
2025-03-09 11:00:00,3.95,190.6,22.66,44.98,6.87,517.77,27.84,174.95,50.29
2025-03-09 12:00:00,1.29,186.29,22.89,45.23,6.94,513.01,28.18,142.36,70.12
2025-03-09 13:00:00,3.95,185.44,22.67,45.06,6.85,473.94,28.03,251.01,102.17
2025-03-09 14:00:00,11.03,196.6,22.16,54.64,6.69,393.7,27.72,592.46,139.06
2025-03-09 15:00:00,28.01,234.74,23.66,99.08,7.3,272.61,27.69,762.46,187.2
2025-03-09 16:00:00,68.99,328.86,30.72,101.91,16.44,135.2,28.97,721.55,197.09
2025-03-09 17:00:00,107.86,402.97,32.49,118.8,19.66,36.47,29.39,837.45,186.59
2025-03-09 18:00:00,134.15,464.43,35.81,123.47,20.74,0.38,30.01,790.26,183.97
2025-03-09 19:00:00,132.71,426.21,38.41,127.33,21.55,0.0,30.32,816.37,196.17
2025-03-09 20:00:00,114.54,360.94,38.44,127.23,21.56,0.0,30.75,799.54,190.76
2025-03-09 21:00:00,107.87,405.39,34.75,118.3,19.84,0.0,29.65,746.75,163.21
2025-03-09 22:00:00,104.56,415.73,34.24,116.93,19.58,0.0,29.79,703.07,148.43
2025-03-09 23:00:00,103.64,342.91,34.18,116.79,19.55,0.0,29.93,660.03,117.76
2025-03-10 00:00:00,95.84,410.85,33.8,117.69,12.76,0.0,29.81,584.31,80.62
2025-03-10 01:00:00,94.92,467.44,32.59,123.57,10.07,0.0,29.68,505.08,65.11
2025-03-10 02:00:00,96.7,468.23,35.59,128.92,11.01,0.0,30.08,451.41,67.79
2025-03-10 03:00:00,96.86,477.73,35.33,128.55,10.92,0.0,29.83,399.87,68.87
2025-03-10 04:00:00,89.98,481.35,33.45,125.73,10.33,0.0,29.96,373.78,67.35
2025-03-10 05:00:00,101.13,473.09,31.83,122.94,9.84,0.0,30.76,317.42,65.7
2025-03-10 06:00:00,148.63,476.11,38.47,130.21,11.25,1.14,31.08,278.95,63.65
2025-03-10 07:00:00,159.87,450.94,33.9,128.49,10.89,39.96,31.19,230.27,63.28
2025-03-10 08:00:00,134.08,447.06,33.96,129.51,11.02,128.24,30.87,223.18,43.02
2025-03-10 09:00:00,98.92,461.85,38.34,130.63,11.22,208.38,31.65,194.79,26.14
2025-03-10 10:00:00,84.44,473.64,49.25,132.77,16.71,298.83,31.78,107.82,23.06
2025-03-10 11:00:00,77.92,457.57,43.42,131.85,19.46,389.32,31.83,56.15,25.31
2025-03-10 12:00:00,76.06,365.83,33.52,125.99,18.3,475.7,30.5,17.63,23.37
2025-03-10 13:00:00,77.36,363.71,34.02,118.62,18.42,488.67,33.5,6.73,29.48
2025-03-10 14:00:00,83.96,375.87,34.76,118.94,18.61,427.17,42.73,8.32,36.62
2025-03-10 15:00:00,97.54,439.14,36.04,120.42,18.77,306.82,44.64,10.53,59.97
2025-03-10 16:00:00,127.59,435.43,50.92,131.63,19.83,151.95,44.54,28.62,76.47
2025-03-10 17:00:00,148.1,479.95,90.83,134.01,20.9,34.6,45.42,33.3,121.23
2025-03-10 18:00:00,175.06,486.53,95.83,129.35,21.05,0.22,45.99,50.17,162.81
2025-03-10 19:00:00,160.4,411.93,93.98,127.16,20.58,0.0,45.9,43.13,147.42
2025-03-10 20:00:00,142.28,480.07,93.91,134.67,20.52,0.0,45.79,18.77,123.03
2025-03-10 21:00:00,126.68,478.89,61.12,134.8,20.45,0.0,45.91,28.14,99.52
2025-03-10 22:00:00,106.87,460.37,60.03,134.32,20.27,0.0,45.89,31.85,105.96
2025-03-10 23:00:00,97.93,480.66,55.25,127.62,18.47,0.0,44.94,44.52,106.52
2025-03-11 00:00:00,104.39,474.72,56.67,129.41,11.79,0.0,45.01,40.4,94.0
2025-03-11 01:00:00,101.79,489.56,62.37,131.39,11.45,0.0,45.48,47.38,83.15
2025-03-11 02:00:00,99.72,478.94,76.22,136.72,12.64,0.0,46.23,57.41,83.58
2025-03-11 03:00:00,100.48,472.59,69.17,129.94,11.24,0.0,45.38,30.15,46.74
2025-03-11 04:00:00,102.51,472.5,56.9,126.98,10.62,0.0,45.43,11.78,25.87
2025-03-11 05:00:00,110.88,446.49,56.54,126.92,10.95,0.0,45.19,21.43,24.55
2025-03-11 06:00:00,148.14,474.63,59.87,125.36,12.25,0.05,45.69,7.82,22.93
2025-03-11 07:00:00,153.09,475.12,59.36,125.64,17.78,9.25,44.86,4.81,18.74
2025-03-11 08:00:00,146.54,467.29,59.07,125.47,20.32,31.44,44.9,6.11,21.07
2025-03-11 09:00:00,128.53,359.22,56.69,122.06,19.6,53.83,44.05,7.72,21.8
2025-03-11 10:00:00,102.0,349.52,52.59,112.53,17.77,71.96,44.64,4.11,19.53
2025-03-11 11:00:00,97.48,353.43,53.61,113.34,17.97,76.97,44.17,21.2,28.88
2025-03-11 12:00:00,96.45,398.85,54.81,115.15,18.36,74.43,43.52,89.02,40.73
2025-03-11 13:00:00,98.39,419.41,56.09,117.33,18.77,70.74,44.2,166.64,45.91
2025-03-11 14:00:00,102.35,429.04,59.26,122.48,19.78,59.88,45.03,170.93,42.76
2025-03-11 15:00:00,112.84,465.32,59.3,120.93,19.43,43.98,44.4,214.22,44.09
2025-03-11 16:00:00,132.9,454.27,89.98,128.19,20.78,19.77,44.59,143.66,44.42
2025-03-11 17:00:00,172.03,477.03,97.05,130.39,21.22,2.67,44.62,110.78,44.2
2025-03-11 18:00:00,205.15,477.89,99.36,131.69,21.53,0.0,44.93,142.08,44.57
2025-03-11 19:00:00,181.06,475.03,100.21,131.18,21.47,0.0,44.06,136.82,59.28
2025-03-11 20:00:00,149.49,476.79,99.78,130.61,21.37,0.0,43.53,140.18,73.59
2025-03-11 21:00:00,133.05,477.79,67.23,140.81,21.6,0.0,43.76,153.27,75.33
2025-03-11 22:00:00,121.27,480.75,66.68,142.61,21.69,0.0,43.94,127.11,70.83
2025-03-11 23:00:00,107.36,478.7,81.77,148.82,22.98,0.0,45.09,98.89,54.2
2025-03-12 00:00:00,101.74,476.9,67.34,138.16,20.77,0.0,44.17,123.74,52.69
2025-03-12 01:00:00,100.11,476.25,65.83,136.45,20.41,0.0,43.63,148.43,43.44
2025-03-12 02:00:00,97.82,480.19,64.77,135.34,20.2,0.0,43.31,136.22,39.06
2025-03-12 03:00:00,97.43,473.73,62.52,130.19,19.22,0.0,42.8,127.43,43.09
2025-03-12 04:00:00,101.85,473.28,56.61,128.11,18.93,0.0,43.04,128.93,47.1
2025-03-12 05:00:00,110.37,460.94,54.84,122.71,18.1,0.0,42.41,88.98,53.4
2025-03-12 06:00:00,144.57,477.05,87.24,116.59,18.07,1.17,42.83,78.04,55.18
2025-03-12 07:00:00,161.75,450.52,86.03,112.73,17.53,21.76,42.56,78.04,58.72
2025-03-12 08:00:00,148.49,447.94,64.61,119.36,17.23,75.65,42.67,112.87,70.13
2025-03-12 09:00:00,125.02,440.97,68.04,118.94,17.39,116.86,39.48,142.49,84.51
2025-03-12 10:00:00,102.64,448.78,31.12,117.51,17.46,139.24,38.53,168.19,84.76
2025-03-12 11:00:00,99.73,435.96,32.8,120.78,17.53,188.15,39.23,101.14,73.69
2025-03-12 12:00:00,98.11,408.64,29.27,118.33,17.02,221.92,39.33,104.39,59.3
2025-03-12 13:00:00,99.95,465.18,28.38,117.04,16.73,273.49,40.61,82.85,56.73
2025-03-12 14:00:00,101.69,482.04,29.12,118.15,16.94,273.21,41.29,98.61,48.56
2025-03-12 15:00:00,117.81,488.52,33.37,118.97,17.31,202.9,42.68,61.42,50.77
2025-03-12 16:00:00,140.35,475.74,63.06,122.05,17.9,115.48,42.77,71.82,55.67
2025-03-12 17:00:00,159.04,482.29,79.42,128.27,18.99,22.99,43.45,77.04,61.91
2025-03-12 18:00:00,199.9,479.8,91.95,128.16,20.86,0.32,44.08,105.61,69.28
2025-03-12 19:00:00,179.58,464.52,98.54,136.05,21.06,0.0,44.24,102.22,68.29
2025-03-12 20:00:00,148.09,480.87,99.38,130.61,21.2,0.0,43.9,80.81,69.39
2025-03-12 21:00:00,132.26,477.18,69.71,143.39,22.29,0.0,44.58,70.26,60.73
2025-03-12 22:00:00,120.02,476.21,63.5,139.91,21.11,0.0,43.49,65.2,54.59
2025-03-12 23:00:00,109.91,476.19,63.72,140.96,21.15,0.0,43.4,57.19,50.35
2025-03-13 00:00:00,108.49,476.52,63.29,139.58,14.69,0.0,41.75,46.18,38.18
2025-03-13 01:00:00,102.22,477.03,60.06,128.33,10.79,0.0,39.56,54.68,29.5
2025-03-13 02:00:00,98.96,476.21,63.93,130.35,11.2,0.0,40.26,77.21,31.36
2025-03-13 03:00:00,96.69,476.29,74.19,146.23,14.27,0.0,41.95,40.95,30.25
2025-03-13 04:00:00,98.33,475.28,52.88,122.57,9.79,0.0,39.69,30.34,24.38
2025-03-13 05:00:00,105.87,477.55,50.42,118.38,9.0,0.0,39.59,7.85,19.92
2025-03-13 06:00:00,132.7,476.89,76.39,116.16,8.54,2.21,39.9,4.81,18.08
2025-03-13 07:00:00,160.74,477.48,87.18,120.24,9.34,53.64,39.74,4.88,18.84
2025-03-13 08:00:00,160.99,475.64,87.19,120.73,9.43,135.68,39.31,6.63,21.86
2025-03-13 09:00:00,154.8,476.54,94.86,132.95,14.63,220.66,39.04,8.28,21.71
2025-03-13 10:00:00,123.84,478.15,70.25,146.19,22.48,306.38,33.74,6.0,22.89
2025-03-13 11:00:00,110.75,478.33,54.98,122.31,18.1,348.04,27.58,10.4,20.43
2025-03-13 12:00:00,110.08,474.68,53.17,120.62,17.64,352.16,28.9,13.42,19.46
2025-03-13 13:00:00,108.28,473.7,49.36,116.87,16.82,265.15,28.64,10.7,21.05
2025-03-13 14:00:00,107.6,476.53,53.35,123.41,18.02,269.24,29.36,15.9,19.97
2025-03-13 15:00:00,110.02,475.28,73.06,153.29,23.85,221.53,31.49,29.84,20.57
2025-03-13 16:00:00,121.56,479.03,107.34,154.86,24.15,152.11,31.45,23.27,21.31
2025-03-13 17:00:00,142.95,462.01,115.97,159.92,25.1,39.53,31.85,5.72,21.52
2025-03-13 18:00:00,166.09,478.38,112.15,161.16,25.26,0.61,31.91,4.3,17.81
2025-03-13 19:00:00,173.42,481.9,112.57,161.9,25.39,0.0,31.79,5.59,22.09
2025-03-13 20:00:00,148.99,481.16,113.1,162.88,25.59,0.0,32.19,17.18,21.88
2025-03-13 21:00:00,135.69,478.39,92.48,166.45,26.43,0.0,32.32,31.34,23.32
2025-03-13 22:00:00,123.41,479.08,77.41,159.53,24.99,0.0,32.03,20.14,27.49
2025-03-13 23:00:00,111.53,478.18,71.27,151.25,23.51,0.0,31.26,42.28,23.38
2025-03-14 00:00:00,109.19,450.72,60.04,133.45,20.0,0.0,29.95,49.2,25.71
2025-03-14 01:00:00,106.08,446.61,59.36,132.82,19.8,0.0,29.98,31.63,33.29
2025-03-14 02:00:00,105.97,440.87,59.21,132.46,19.76,0.0,29.59,14.23,32.95
2025-03-14 03:00:00,103.89,448.49,59.16,132.25,19.75,0.0,29.48,12.24,32.5
2025-03-14 04:00:00,105.37,441.87,58.16,130.15,19.34,0.0,29.15,41.24,40.76
2025-03-14 05:00:00,114.08,449.39,79.45,155.14,24.04,0.0,31.25,53.51,51.42
2025-03-14 06:00:00,143.05,451.03,122.52,163.82,26.63,1.93,33.88,21.82,54.38
2025-03-14 07:00:00,155.29,451.03,131.83,172.43,27.43,41.87,32.43,31.85,51.75
2025-03-14 08:00:00,155.08,453.65,111.94,159.31,25.09,110.35,32.16,32.48,59.31
2025-03-14 09:00:00,132.11,446.63,120.39,160.7,25.84,170.92,31.89,45.95,76.06
2025-03-14 10:00:00,112.01,441.54,115.49,183.57,29.77,279.01,33.88,84.36,79.89
2025-03-14 11:00:00,106.37,441.14,77.9,155.07,24.23,271.3,32.2,51.26,85.83
2025-03-14 12:00:00,104.49,436.45,62.1,127.85,19.88,276.04,29.31,17.7,89.13
2025-03-14 13:00:00,104.58,438.54,62.02,127.52,19.84,238.64,29.34,20.63,98.39
2025-03-14 14:00:00,105.38,442.34,60.78,110.37,18.94,215.28,29.24,66.67,128.01
2025-03-14 15:00:00,109.42,435.88,62.24,124.79,20.32,176.04,30.07,105.87,162.48
2025-03-14 16:00:00,124.93,435.61,104.64,146.45,24.35,109.83,31.58,219.62,161.23
2025-03-14 17:00:00,146.56,425.37,112.6,156.49,24.55,38.07,31.65,321.11,114.1
2025-03-14 18:00:00,155.47,418.15,108.28,155.25,24.17,1.42,31.5,326.78,101.28
2025-03-14 19:00:00,151.02,416.89,107.87,153.99,24.07,0.0,31.31,304.7,93.12
2025-03-14 20:00:00,130.1,418.4,120.19,158.72,24.88,0.0,31.52,358.93,99.11
2025-03-14 21:00:00,111.46,283.86,78.23,158.35,24.77,0.0,32.16,407.21,84.09
2025-03-14 22:00:00,114.0,237.16,69.51,149.84,23.03,0.0,30.89,346.02,64.55
2025-03-14 23:00:00,105.15,238.6,44.18,131.23,19.5,0.0,29.96,290.41,61.47
2025-03-15 00:00:00,112.16,236.74,40.09,128.68,13.72,0.0,30.0,221.99,60.43
2025-03-15 01:00:00,103.15,236.36,42.01,97.87,10.85,0.0,29.33,252.24,54.6
2025-03-15 02:00:00,96.0,235.92,43.89,109.75,11.43,0.0,30.23,223.53,60.3
2025-03-15 03:00:00,89.89,235.55,45.42,105.9,10.61,0.0,29.38,172.95,53.99
2025-03-15 04:00:00,86.89,235.86,44.82,99.69,13.01,0.0,29.19,133.19,45.27
2025-03-15 05:00:00,90.55,237.65,47.18,110.21,18.95,0.0,28.92,100.29,45.9
2025-03-15 06:00:00,97.0,236.0,61.99,110.18,18.42,5.47,28.92,93.43,36.11
2025-03-15 07:00:00,99.38,235.46,62.93,110.16,18.4,88.97,28.74,71.24,30.28
2025-03-15 08:00:00,98.73,235.8,83.85,114.71,18.64,222.97,29.06,51.18,21.0
2025-03-15 09:00:00,86.36,234.22,99.82,107.77,20.36,398.89,29.49,37.91,14.72
2025-03-15 10:00:00,72.35,232.25,75.17,68.94,17.88,534.25,28.28,21.67,15.04
2025-03-15 11:00:00,67.12,233.69,58.56,72.14,18.44,552.32,28.46,6.26,15.81
2025-03-15 12:00:00,57.28,231.8,77.95,91.85,22.23,579.32,30.17,4.87,15.14
2025-03-15 13:00:00,47.96,260.59,75.39,122.36,22.01,577.33,30.0,5.68,21.31
2025-03-15 14:00:00,54.46,304.87,66.64,130.7,22.11,532.76,30.18,5.14,25.57
2025-03-15 15:00:00,70.76,332.67,67.3,133.96,21.94,408.26,30.04,5.15,23.25
2025-03-15 16:00:00,84.2,375.26,96.87,133.54,22.23,241.36,29.96,4.92,21.31
2025-03-15 17:00:00,121.87,446.54,106.35,153.63,24.02,75.1,30.64,5.74,20.3
2025-03-15 18:00:00,130.26,456.29,107.57,155.76,24.45,2.08,31.94,6.15,23.89
2025-03-15 19:00:00,132.91,457.39,111.13,151.7,24.58,0.0,31.07,24.2,40.43
2025-03-15 20:00:00,121.41,455.4,105.62,149.99,23.46,0.0,30.51,78.36,66.01
2025-03-15 21:00:00,108.46,453.33,72.89,151.97,23.61,0.0,30.47,125.32,78.5
2025-03-15 22:00:00,104.98,454.32,77.29,152.68,23.97,0.0,30.7,121.46,86.74
2025-03-15 23:00:00,95.21,453.28,71.16,149.42,23.03,0.0,30.38,217.48,97.17
2025-03-16 00:00:00,89.97,452.8,70.1,149.42,16.7,0.0,30.37,367.99,97.16
2025-03-16 01:00:00,85.75,444.34,70.56,150.84,15.07,0.0,30.42,380.33,102.04
2025-03-16 02:00:00,79.57,440.22,70.63,151.13,15.11,0.0,30.1,311.2,112.62
2025-03-16 03:00:00,78.15,447.42,73.06,151.17,15.17,0.0,24.34,277.25,135.07
2025-03-16 04:00:00,78.55,450.56,75.02,150.78,15.16,0.0,22.56,343.79,145.74
2025-03-16 05:00:00,29.41,452.74,70.69,147.03,14.44,0.0,22.17,392.3,157.12
2025-03-16 06:00:00,30.14,454.55,106.35,180.91,20.97,3.74,25.89,377.61,152.4
2025-03-16 07:00:00,30.7,455.85,152.96,244.36,75.8,57.73,34.44,400.56,157.44
2025-03-16 08:00:00,30.5,453.49,66.83,168.66,103.08,144.25,24.03,420.2,160.02
2025-03-16 09:00:00,28.73,450.67,45.42,111.89,20.24,193.24,22.39,465.8,192.19
2025-03-16 10:00:00,24.06,446.77,43.35,81.23,13.37,215.97,22.02,452.98,215.72
2025-03-16 11:00:00,2.9,448.9,43.7,81.4,13.46,216.35,22.02,204.23,230.58
2025-03-16 12:00:00,1.01,428.58,43.25,93.46,13.27,246.56,22.09,171.85,242.84
2025-03-16 13:00:00,0.19,388.96,42.77,95.64,13.12,309.24,21.88,172.02,268.64
2025-03-16 14:00:00,2.67,394.77,43.54,85.66,13.36,300.03,22.13,173.94,257.71
2025-03-16 15:00:00,30.81,396.57,44.01,87.39,13.51,297.65,28.79,568.0,205.2
2025-03-16 16:00:00,59.97,398.8,43.0,129.19,15.91,194.55,29.64,508.19,170.48
2025-03-16 17:00:00,94.68,446.2,44.18,140.56,22.27,61.73,29.52,645.8,241.15
2025-03-16 18:00:00,83.61,451.11,52.61,148.69,23.91,2.46,29.94,519.85,317.02
2025-03-16 19:00:00,45.54,451.97,86.39,171.49,29.0,0.0,32.06,430.59,329.75
2025-03-16 20:00:00,31.49,449.95,47.68,123.28,15.59,0.0,29.59,395.04,363.98
2025-03-16 21:00:00,31.1,454.24,50.48,127.59,14.45,0.0,28.5,573.34,420.51
2025-03-16 22:00:00,30.69,453.32,44.68,121.45,13.8,0.0,21.9,740.22,385.78
2025-03-16 23:00:00,30.44,454.7,43.47,85.18,13.43,0.0,21.76,743.98,303.57
2025-03-17 00:00:00,30.66,455.81,42.98,82.6,13.29,0.0,21.54,816.43,264.69
2025-03-17 01:00:00,40.11,434.66,43.58,83.58,13.48,0.0,21.99,744.74,258.18
2025-03-17 02:00:00,77.6,371.13,48.94,92.04,15.16,0.0,23.78,735.1,214.1
2025-03-17 03:00:00,80.9,365.91,47.83,90.49,14.83,0.0,29.7,752.05,166.51
2025-03-17 04:00:00,85.84,364.49,48.24,99.7,14.89,0.0,29.79,706.98,152.13
2025-03-17 05:00:00,103.33,367.64,106.13,173.38,23.32,0.0,38.29,469.09,103.05
2025-03-17 06:00:00,135.26,369.62,190.66,265.98,51.83,9.42,52.75,206.18,83.23
2025-03-17 07:00:00,152.96,362.98,112.28,187.27,33.02,122.93,33.55,126.84,52.91
2025-03-17 08:00:00,135.32,362.62,80.15,139.47,23.05,310.57,30.03,106.36,31.61
2025-03-17 09:00:00,100.77,370.86,63.05,109.55,23.36,486.73,24.28,85.34,24.14
2025-03-17 10:00:00,68.2,373.22,67.54,107.11,22.96,615.07,22.37,54.11,24.45
2025-03-17 11:00:00,50.53,370.58,61.68,97.85,22.21,681.34,22.31,51.06,29.03
2025-03-17 12:00:00,31.14,369.74,59.92,112.16,21.88,698.7,21.95,51.64,32.25
2025-03-17 13:00:00,27.92,389.01,59.0,113.27,21.24,672.79,21.57,40.19,33.87
2025-03-17 14:00:00,50.12,415.73,59.51,91.27,21.76,584.26,22.24,44.7,35.43
2025-03-17 15:00:00,70.02,441.33,60.85,98.98,22.01,426.21,29.22,65.58,42.41
2025-03-17 16:00:00,98.59,455.09,94.83,143.51,23.32,242.71,39.99,64.72,54.7
2025-03-17 17:00:00,143.14,453.27,72.51,148.42,24.73,74.94,44.29,76.76,53.85
2025-03-17 18:00:00,177.42,453.32,68.48,152.9,25.11,3.84,43.1,52.33,71.49
2025-03-17 19:00:00,170.09,430.8,68.47,155.69,25.1,0.0,42.83,105.01,91.05
2025-03-17 20:00:00,141.58,445.71,68.11,154.14,24.98,0.0,42.64,306.46,118.12
2025-03-17 21:00:00,113.55,449.17,75.54,145.45,23.84,0.0,45.25,392.13,134.01
2025-03-17 22:00:00,106.46,446.45,57.88,132.95,20.1,0.0,42.43,501.51,159.62
2025-03-17 23:00:00,93.49,446.0,74.92,139.36,21.45,0.0,41.68,633.31,175.09
2025-03-18 00:00:00,92.18,445.53,36.36,109.31,18.11,0.0,40.86,553.88,152.52
2025-03-18 01:00:00,89.96,444.44,31.86,107.87,17.84,0.0,40.81,471.24,146.24
2025-03-18 02:00:00,89.71,442.4,44.63,115.1,17.94,0.0,40.91,460.42,177.37
2025-03-18 03:00:00,67.1,441.9,34.67,115.82,17.32,0.0,38.28,522.73,180.29
2025-03-18 04:00:00,69.44,442.96,34.94,118.26,16.98,0.0,37.24,576.44,164.95
2025-03-18 05:00:00,102.28,445.43,30.59,117.6,16.81,0.0,36.39,607.61,188.35
2025-03-18 06:00:00,128.02,446.27,29.67,117.36,16.87,10.37,24.91,603.3,207.76
2025-03-18 07:00:00,136.73,448.11,29.14,107.74,16.97,75.74,24.66,480.18,191.71
2025-03-18 08:00:00,106.56,445.1,29.22,107.33,16.98,165.89,24.75,542.75,214.18
2025-03-18 09:00:00,68.46,440.64,24.8,77.09,15.62,267.15,18.35,602.68,240.69
2025-03-18 10:00:00,27.24,424.77,21.9,80.2,14.69,290.98,16.27,492.12,222.57
2025-03-18 11:00:00,1.79,329.99,22.31,67.2,14.82,281.39,16.28,150.78,174.41
2025-03-18 12:00:00,-0.2,304.62,24.36,73.78,15.48,264.48,16.58,147.72,129.6
2025-03-18 13:00:00,-0.28,292.12,35.45,79.4,18.92,237.54,17.75,61.74,84.51
2025-03-18 14:00:00,17.36,277.86,41.1,79.2,20.67,224.38,19.38,113.59,97.64
2025-03-18 15:00:00,38.6,309.9,41.65,108.89,20.84,155.32,25.17,332.44,138.42
2025-03-18 16:00:00,96.03,400.0,42.08,128.46,20.64,89.95,23.84,297.34,111.17
2025-03-18 17:00:00,141.1,450.95,88.87,151.92,23.6,35.93,28.51,326.12,93.05
2025-03-18 18:00:00,171.17,453.86,172.04,239.3,54.88,1.71,49.38,268.35,83.91
2025-03-18 19:00:00,167.77,453.26,108.69,153.44,24.22,0.0,27.25,187.89,94.42
2025-03-18 20:00:00,142.51,419.27,86.04,145.73,22.3,0.0,37.31,179.36,90.11
2025-03-18 21:00:00,117.77,455.61,49.76,148.05,22.67,0.0,41.35,217.59,88.3
2025-03-18 22:00:00,107.46,484.17,36.48,130.81,12.71,0.0,39.25,222.08,82.45
2025-03-18 23:00:00,100.5,370.66,59.6,140.81,13.07,0.0,39.68,233.35,77.53
2025-03-19 00:00:00,107.45,243.04,40.74,120.09,11.79,0.0,40.21,255.81,79.81
2025-03-19 01:00:00,102.55,226.58,46.91,127.32,11.64,0.0,39.99,205.85,76.0
2025-03-19 02:00:00,101.34,219.35,51.43,133.73,11.97,0.0,39.93,186.2,82.52
2025-03-19 03:00:00,102.15,218.12,39.74,123.79,9.92,0.0,39.6,190.44,79.42
2025-03-19 04:00:00,106.74,216.01,32.81,113.84,9.35,0.0,38.72,183.36,64.98
2025-03-19 05:00:00,122.73,213.84,36.79,110.54,11.04,0.0,40.59,176.46,70.01
2025-03-19 06:00:00,158.29,207.73,65.07,112.21,14.81,6.59,42.73,187.62,64.01
2025-03-19 07:00:00,147.93,206.78,60.13,104.6,17.95,68.78,41.77,211.08,64.04
2025-03-19 08:00:00,108.19,202.36,56.65,98.85,16.87,184.19,39.52,198.01,55.13
2025-03-19 09:00:00,73.39,208.45,29.0,103.18,16.56,343.28,34.21,212.83,43.82
2025-03-19 10:00:00,28.86,209.51,38.74,121.17,18.06,561.09,31.44,116.71,30.58
2025-03-19 11:00:00,3.96,163.14,30.1,106.53,17.25,659.68,36.29,23.97,22.07
2025-03-19 12:00:00,-0.56,153.84,27.82,92.18,16.53,658.24,30.99,9.39,18.49
2025-03-19 13:00:00,-0.16,152.66,27.47,84.41,16.41,637.41,31.27,6.42,19.95
2025-03-19 14:00:00,27.42,160.49,29.2,78.68,16.92,573.36,33.0,43.89,32.91
2025-03-19 15:00:00,40.28,195.11,29.89,98.33,16.85,446.51,40.91,102.79,35.73
2025-03-19 16:00:00,109.8,224.16,69.44,116.51,20.34,274.25,42.8,142.38,31.53
2025-03-19 17:00:00,147.64,224.08,82.54,131.31,23.17,90.89,43.81,163.38,25.98
2025-03-19 18:00:00,248.27,224.73,89.69,141.32,23.93,4.53,45.06,137.07,25.04
2025-03-19 19:00:00,220.53,226.75,89.77,143.34,24.48,0.0,46.58,76.99,29.8
2025-03-19 20:00:00,176.9,226.89,87.24,137.52,22.99,0.0,45.2,19.33,31.34
2025-03-19 21:00:00,138.38,224.55,41.48,118.21,19.48,0.0,44.23,13.64,36.03
2025-03-19 22:00:00,124.58,222.94,34.8,124.98,18.46,0.0,43.7,33.27,40.7
2025-03-19 23:00:00,111.27,224.44,43.87,131.57,19.54,0.0,44.1,31.12,53.16
2025-03-20 00:00:00,204.12,228.79,33.97,127.93,18.88,0.0,46.75,12.11,53.52
2025-03-20 01:00:00,101.46,231.01,34.39,127.21,18.76,0.0,45.21,26.61,54.5
2025-03-20 02:00:00,97.67,231.46,33.71,126.43,18.47,0.0,43.97,51.27,68.24
2025-03-20 03:00:00,98.58,233.74,33.77,126.42,18.47,0.0,43.79,70.12,64.47
2025-03-20 04:00:00,101.74,224.69,42.15,139.93,21.1,0.0,44.23,100.57,56.23
2025-03-20 05:00:00,110.71,282.69,41.69,141.91,21.53,0.0,44.46,129.29,62.54
2025-03-20 06:00:00,153.27,311.36,44.24,146.21,22.4,15.87,45.53,232.54,76.94
2025-03-20 07:00:00,140.98,385.29,39.8,130.89,21.02,133.84,45.42,226.19,79.94
2025-03-20 08:00:00,99.91,449.2,39.22,126.58,20.28,300.62,44.65,186.24,68.81
2025-03-20 09:00:00,76.08,445.55,41.19,126.07,23.61,460.21,38.91,158.91,62.33
2025-03-20 10:00:00,38.9,332.8,31.39,102.03,11.52,558.18,34.19,136.1,72.47
2025-03-20 11:00:00,6.7,236.12,31.24,88.65,9.5,589.51,33.52,138.05,69.39
2025-03-20 12:00:00,3.13,179.2,31.33,80.97,9.51,518.43,41.19,97.44,45.75
2025-03-20 13:00:00,3.41,162.99,31.04,70.02,9.41,462.31,42.42,136.63,42.16
2025-03-20 14:00:00,30.98,240.73,40.73,117.0,12.47,384.96,43.21,143.97,35.08
2025-03-20 15:00:00,62.63,303.56,44.99,129.44,13.83,330.56,44.21,302.47,32.41
2025-03-20 16:00:00,120.26,429.63,45.38,141.17,20.45,201.58,50.85,273.91,25.51
2025-03-20 17:00:00,154.93,459.81,77.64,149.68,25.75,70.43,48.22,237.53,33.59
2025-03-20 18:00:00,279.34,492.56,84.86,126.03,26.01,4.76,47.58,171.82,49.57
2025-03-20 19:00:00,251.99,483.45,85.12,127.55,25.23,0.0,47.08,156.06,62.35
2025-03-20 20:00:00,163.48,353.36,84.12,144.76,25.74,0.0,46.61,147.5,63.02
2025-03-20 21:00:00,136.61,415.83,49.79,150.25,25.34,0.0,46.26,112.15,53.53
2025-03-20 22:00:00,124.83,428.47,50.92,158.05,26.42,0.0,46.08,63.9,53.07
2025-03-20 23:00:00,117.5,426.46,52.51,159.82,26.92,0.0,46.79,12.36,46.54
2025-03-21 00:00:00,120.9,413.05,53.05,161.62,27.08,0.0,46.28,8.48,32.44
2025-03-21 01:00:00,116.46,425.09,49.69,156.77,26.02,0.0,46.09,29.99,49.16
2025-03-21 02:00:00,112.79,424.23,50.99,158.44,25.77,0.0,47.04,164.41,66.39
2025-03-21 03:00:00,105.86,430.56,52.99,158.95,25.55,0.0,46.61,230.3,70.08
2025-03-21 04:00:00,109.16,435.95,52.37,155.68,24.92,0.0,46.52,262.54,70.42
2025-03-21 05:00:00,127.24,429.11,78.89,156.72,25.38,0.0,46.65,221.85,71.58
2025-03-21 06:00:00,155.5,428.82,78.62,148.36,25.37,14.45,46.51,210.54,100.95
2025-03-21 07:00:00,149.26,431.36,78.2,147.8,25.28,119.19,46.82,203.09,118.0
2025-03-21 08:00:00,110.79,437.65,37.91,133.68,21.1,292.13,44.47,291.22,87.34
2025-03-21 09:00:00,70.57,412.57,30.53,121.2,15.01,471.21,43.3,388.56,71.26
2025-03-21 10:00:00,44.33,379.79,29.68,104.48,9.05,589.75,42.87,398.4,74.38
2025-03-21 11:00:00,9.04,227.06,33.26,68.2,9.48,669.79,45.04,480.72,105.23
2025-03-21 12:00:00,5.77,143.36,29.38,59.34,8.95,683.21,43.12,565.82,123.98
2025-03-21 13:00:00,4.84,117.85,29.63,59.59,9.03,644.42,43.49,668.93,194.67
2025-03-21 14:00:00,5.77,126.48,30.84,64.89,9.44,573.3,42.97,779.45,276.66
2025-03-21 15:00:00,21.2,194.19,32.06,94.28,9.88,434.66,43.74,883.16,369.29
2025-03-21 16:00:00,32.86,341.79,41.58,135.04,19.39,259.37,44.37,923.87,390.41
2025-03-21 17:00:00,90.7,429.79,43.23,130.97,23.72,89.6,45.15,922.94,421.97
2025-03-21 18:00:00,105.53,432.64,49.54,145.78,26.01,4.72,45.86,939.9,409.98
2025-03-21 19:00:00,75.41,337.08,45.28,134.31,22.86,0.0,45.33,872.92,402.44
2025-03-21 20:00:00,41.78,362.84,28.8,80.29,17.63,0.0,44.03,816.62,406.94
2025-03-21 21:00:00,40.29,382.33,28.6,73.96,17.01,0.0,43.16,716.28,368.37
2025-03-21 22:00:00,27.1,446.59,30.02,60.15,17.35,0.0,44.43,611.62,376.23
2025-03-21 23:00:00,18.43,398.89,28.02,55.37,16.67,0.0,43.57,607.74,390.87
2025-03-22 00:00:00,18.37,384.23,27.85,64.81,9.62,0.0,44.13,925.32,453.72
2025-03-22 01:00:00,8.59,378.84,27.79,75.86,8.57,0.0,43.88,863.41,449.52
2025-03-22 02:00:00,7.39,347.15,27.98,84.65,8.61,0.0,44.02,947.02,472.07
2025-03-22 03:00:00,6.59,348.38,27.79,84.83,8.55,0.0,43.99,948.28,417.21
2025-03-22 04:00:00,8.32,350.24,27.66,85.05,8.53,0.0,44.38,932.71,424.54
2025-03-22 05:00:00,9.46,318.77,25.91,63.99,7.98,0.0,44.0,933.94,417.23
2025-03-22 06:00:00,10.53,252.87,25.59,60.76,7.88,16.35,44.28,937.68,439.85
2025-03-22 07:00:00,9.05,219.43,26.05,72.67,8.0,120.64,43.74,942.09,467.89
2025-03-22 08:00:00,3.24,216.77,26.02,73.84,7.99,310.4,44.18,402.41,435.83
2025-03-22 09:00:00,0.0,213.2,34.32,100.04,10.56,487.94,45.19,199.19,468.06
2025-03-22 10:00:00,-2.02,205.15,26.75,95.41,8.16,609.57,44.49,33.05,371.44
2025-03-22 11:00:00,-5.83,179.58,27.03,96.16,8.23,643.7,44.44,38.0,381.45
2025-03-22 12:00:00,-12.0,146.2,26.74,95.5,8.14,597.87,44.18,39.2,362.77
2025-03-22 13:00:00,-11.27,171.17,27.63,96.87,8.41,595.74,36.83,37.97,366.87
2025-03-22 14:00:00,-5.49,168.09,27.43,96.55,8.35,526.4,34.65,38.89,368.05
2025-03-22 15:00:00,-1.65,176.46,27.65,91.39,8.42,417.05,34.2,31.68,393.93
2025-03-22 16:00:00,1.21,269.35,31.03,84.23,9.48,273.52,42.3,294.42,493.62
2025-03-22 17:00:00,24.52,350.23,30.99,58.34,8.8,93.45,46.23,923.49,524.68
2025-03-22 18:00:00,26.85,381.56,28.27,55.69,8.66,6.79,44.14,950.98,520.45
2025-03-22 19:00:00,28.22,376.28,28.8,56.73,8.85,0.0,44.33,955.21,507.12
2025-03-22 20:00:00,25.38,385.59,28.66,56.64,8.81,0.0,44.96,953.46,428.35
2025-03-22 21:00:00,23.28,389.95,28.34,56.08,8.7,0.0,44.32,926.05,354.83
2025-03-22 22:00:00,23.23,388.98,28.65,56.47,8.81,0.0,44.54,890.98,297.28
2025-03-22 23:00:00,22.34,356.53,28.77,56.45,8.82,0.0,44.4,950.96,333.76
2025-03-23 00:00:00,3.99,201.26,29.24,81.45,8.95,0.0,44.87,896.75,414.12
2025-03-23 01:00:00,5.06,185.9,29.03,89.06,8.9,0.0,44.79,937.38,411.07
2025-03-23 02:00:00,3.97,222.29,28.85,88.24,8.82,0.0,45.13,778.26,455.83
2025-03-23 03:00:00,5.0,249.82,29.11,88.84,8.91,0.0,44.93,949.21,420.97
2025-03-23 04:00:00,6.58,249.95,28.48,88.09,8.73,0.0,44.51,948.43,423.7
2025-03-23 05:00:00,7.54,249.54,28.65,88.25,8.8,0.0,44.32,937.86,397.68
2025-03-23 06:00:00,4.68,248.92,28.4,87.35,8.73,15.82,43.87,936.67,393.96
2025-03-23 07:00:00,3.97,249.66,28.61,87.25,8.78,121.18,44.04,919.19,373.34
2025-03-23 08:00:00,3.91,241.4,29.06,86.95,8.88,290.03,45.44,565.76,366.46
2025-03-23 09:00:00,2.3,201.26,28.03,85.17,8.54,460.53,44.01,355.01,389.39
2025-03-23 10:00:00,2.26,163.94,28.02,85.11,8.55,565.03,43.95,403.42,440.81
2025-03-23 11:00:00,0.36,148.11,26.67,74.55,8.12,631.09,43.34,217.29,421.83
2025-03-23 12:00:00,0.45,144.4,26.72,60.77,8.12,612.94,42.91,217.62,410.62
2025-03-23 13:00:00,0.02,145.47,26.85,58.72,8.16,596.38,43.42,217.33,405.08
2025-03-23 14:00:00,1.99,145.22,26.82,52.7,8.13,567.96,43.83,216.54,443.71
2025-03-23 15:00:00,3.06,151.12,28.95,56.27,8.82,429.53,43.93,457.39,427.5
2025-03-23 16:00:00,13.06,209.36,34.44,66.36,10.55,260.95,45.05,921.11,442.44
2025-03-23 17:00:00,32.68,376.0,35.9,88.02,11.02,87.76,44.38,945.56,367.93
2025-03-23 18:00:00,33.11,427.69,45.86,105.07,14.33,5.68,45.35,915.03,361.77
2025-03-23 19:00:00,38.95,435.34,46.24,87.51,20.42,0.0,45.54,892.0,345.48
2025-03-23 20:00:00,33.17,435.6,34.17,71.54,20.65,0.0,45.31,839.47,296.58
2025-03-23 21:00:00,33.0,406.42,33.93,78.43,20.58,0.0,45.4,757.87,250.94
2025-03-23 22:00:00,32.83,427.74,90.1,151.65,37.57,0.0,56.38,617.04,232.78
2025-03-23 23:00:00,32.63,445.2,85.97,151.98,38.82,0.0,53.82,475.15,168.64
2025-03-24 00:00:00,110.42,439.45,29.38,110.32,11.54,0.0,45.15,335.35,150.2
2025-03-24 01:00:00,107.26,427.17,34.58,131.04,11.36,0.0,45.76,257.35,130.64
2025-03-24 02:00:00,101.88,439.8,40.94,131.29,11.41,0.0,45.82,257.93,102.65
2025-03-24 03:00:00,98.91,440.61,52.56,133.17,11.62,0.0,45.34,252.98,78.23
2025-03-24 04:00:00,101.95,440.39,42.24,132.91,11.5,0.0,45.69,241.36,56.69
2025-03-24 05:00:00,119.81,444.01,38.44,137.27,12.24,0.0,48.96,279.99,48.03
2025-03-24 06:00:00,141.56,432.19,49.01,149.32,14.55,8.23,43.51,263.06,31.81
2025-03-24 07:00:00,164.37,425.12,47.16,146.97,18.37,50.64,41.65,236.91,28.18
2025-03-24 08:00:00,161.97,400.08,38.25,131.92,20.48,120.32,41.49,252.17,20.85
2025-03-24 09:00:00,135.46,434.04,37.85,137.05,20.71,222.2,40.89,224.6,23.95
2025-03-24 10:00:00,111.22,443.41,37.27,133.74,20.11,329.46,40.31,146.91,24.23
2025-03-24 11:00:00,107.42,418.03,41.82,141.41,21.12,467.42,32.1,75.1,22.1
2025-03-24 12:00:00,100.79,443.84,37.92,150.31,19.88,530.49,37.39,82.92,21.64
2025-03-24 13:00:00,100.92,429.44,27.45,142.83,17.57,456.33,40.02,51.33,26.97
2025-03-24 14:00:00,106.62,407.44,31.9,150.23,19.45,414.83,40.8,50.77,20.86
2025-03-24 15:00:00,115.91,412.12,33.94,153.19,20.07,345.23,43.33,66.33,18.53
2025-03-24 16:00:00,131.02,371.34,33.36,152.4,19.87,208.74,42.93,62.33,16.28
2025-03-24 17:00:00,154.24,373.5,69.95,151.6,22.39,74.38,45.95,51.53,16.55
2025-03-24 18:00:00,212.11,496.06,64.88,117.22,17.57,8.05,44.24,38.21,17.87
2025-03-24 19:00:00,193.11,388.04,66.75,126.36,19.26,0.0,45.34,23.97,22.02
2025-03-24 20:00:00,161.92,424.83,77.96,145.01,22.76,0.0,46.44,23.35,23.34
2025-03-24 21:00:00,138.55,432.34,44.2,143.74,22.56,0.0,46.63,36.71,31.99
2025-03-24 22:00:00,125.55,433.78,43.92,144.94,22.85,0.0,46.69,42.0,34.9
2025-03-24 23:00:00,115.12,447.11,42.55,143.55,22.79,0.0,46.69,59.25,33.39
2025-03-25 00:00:00,100.61,444.92,41.69,141.62,22.49,0.0,46.46,126.76,38.66
2025-03-25 01:00:00,99.98,439.72,41.49,141.35,22.42,0.0,46.48,182.08,41.0
2025-03-25 02:00:00,99.9,440.98,41.35,140.77,22.39,0.0,46.37,212.21,57.7
2025-03-25 03:00:00,96.38,441.09,40.04,130.01,20.34,0.0,45.21,154.38,64.0
2025-03-25 04:00:00,98.01,441.4,40.98,123.32,19.07,0.0,45.21,114.37,70.7
2025-03-25 05:00:00,99.92,374.04,27.84,115.27,17.54,0.0,43.79,110.76,116.22
2025-03-25 06:00:00,134.09,430.06,59.29,102.9,18.5,9.42,43.16,177.86,163.35
2025-03-25 07:00:00,142.17,480.77,66.06,101.54,19.07,37.19,41.49,273.77,180.4
2025-03-25 08:00:00,133.44,477.37,66.13,98.34,19.03,86.62,40.98,382.51,170.77
2025-03-25 09:00:00,106.44,427.74,61.96,109.74,12.58,157.77,40.65,461.46,164.42
2025-03-25 10:00:00,92.03,367.71,34.11,115.56,10.04,258.35,40.59,427.41,180.35
2025-03-25 11:00:00,78.78,326.14,29.18,108.06,8.86,297.03,40.38,384.96,228.15
2025-03-25 12:00:00,68.44,268.4,32.65,99.64,9.96,250.89,40.9,387.05,255.14
2025-03-25 13:00:00,68.27,304.05,33.79,93.51,10.3,221.88,40.94,566.95,283.85
2025-03-25 14:00:00,77.44,329.75,34.23,96.16,10.44,165.75,40.89,648.86,287.17
2025-03-25 15:00:00,88.84,342.73,41.01,123.07,11.16,117.24,41.87,616.39,308.51
2025-03-25 16:00:00,101.56,465.41,100.24,143.49,17.01,69.76,53.06,583.23,324.67
2025-03-25 17:00:00,128.28,483.95,88.21,102.48,13.8,32.88,48.39,608.48,335.86
2025-03-25 18:00:00,137.32,466.15,106.72,134.38,17.84,3.55,48.54,646.14,354.84
2025-03-25 19:00:00,121.39,433.86,80.89,122.3,15.58,1.79,53.87,676.7,346.38
2025-03-25 20:00:00,97.05,445.65,55.94,129.77,16.84,0.0,48.18,757.94,331.94
2025-03-25 21:00:00,87.13,418.35,52.62,126.51,16.18,0.0,47.29,767.76,294.46
2025-03-25 22:00:00,63.97,310.65,54.24,128.29,16.67,0.0,47.9,767.05,215.57
2025-03-25 23:00:00,56.0,287.1,68.17,138.35,18.5,0.0,48.65,533.08,169.0
2025-03-26 00:00:00,67.1,373.83,111.87,181.99,28.78,0.0,60.96,390.43,150.83
2025-03-26 01:00:00,63.75,345.09,86.05,138.65,20.45,0.0,49.8,470.18,155.45
2025-03-26 02:00:00,64.36,358.62,73.25,133.56,19.42,0.0,48.85,485.56,147.22
2025-03-26 03:00:00,65.95,358.17,58.77,128.51,18.15,0.0,48.33,500.98,144.56
2025-03-26 04:00:00,70.01,384.15,57.58,138.54,17.86,0.0,48.63,461.97,170.16
2025-03-26 05:00:00,91.38,381.43,58.23,151.08,18.83,0.0,48.29,454.68,173.41
2025-03-26 06:00:00,119.53,390.75,59.51,167.84,26.59,14.23,48.23,617.06,145.77
2025-03-26 07:00:00,137.75,383.93,63.3,174.93,28.25,99.66,44.74,488.78,173.71
2025-03-26 08:00:00,134.08,371.16,66.16,167.27,27.89,256.82,44.65,473.6,205.79
2025-03-26 09:00:00,109.35,348.72,60.47,192.68,27.84,436.89,44.34,407.88,172.15
2025-03-26 10:00:00,97.32,387.34,61.08,189.5,27.62,558.22,44.05,393.71,175.84
2025-03-26 11:00:00,94.87,351.65,62.48,164.7,27.76,668.01,43.89,424.94,153.13
2025-03-26 12:00:00,91.19,333.31,62.86,159.61,27.88,685.36,44.42,487.82,126.72
2025-03-26 13:00:00,83.26,317.94,60.04,155.48,26.98,658.41,43.15,390.74,122.53
2025-03-26 14:00:00,88.91,378.35,59.45,155.13,26.86,576.15,43.19,367.5,122.91
2025-03-26 15:00:00,91.18,389.35,63.34,164.31,26.6,458.11,45.24,407.21,92.72
2025-03-26 16:00:00,100.29,409.82,63.49,173.64,28.0,285.54,54.74,340.23,50.04
2025-03-26 17:00:00,135.26,431.52,61.03,157.08,29.61,103.64,48.79,211.76,34.3
2025-03-26 18:00:00,162.12,486.39,62.01,156.48,29.71,7.43,48.51,135.84,23.74
2025-03-26 19:00:00,169.65,450.39,66.83,161.69,30.67,0.0,49.4,140.19,40.0
2025-03-26 20:00:00,153.38,427.33,69.86,166.44,31.63,0.0,49.02,143.66,84.1
2025-03-26 21:00:00,129.49,438.37,63.45,157.83,28.28,0.0,48.65,153.45,110.51
2025-03-26 22:00:00,117.51,426.42,64.23,157.77,29.15,0.0,48.54,154.79,104.02
2025-03-26 23:00:00,106.89,431.68,64.08,158.93,29.87,0.0,48.86,110.6,58.93
2025-03-27 00:00:00,103.91,425.41,59.98,167.16,28.56,0.0,48.25,78.86,52.39
2025-03-27 01:00:00,98.98,388.65,61.47,170.34,29.04,0.0,48.53,108.21,76.05
2025-03-27 02:00:00,96.59,433.33,62.47,171.42,29.35,0.0,48.31,142.89,82.94
2025-03-27 03:00:00,95.81,426.3,62.38,171.37,23.01,0.0,48.76,150.04,93.4
2025-03-27 04:00:00,92.13,418.47,59.95,170.75,19.21,0.0,48.6,176.03,121.8
2025-03-27 05:00:00,100.53,417.6,64.81,179.04,20.79,0.0,49.15,218.44,138.06
2025-03-27 06:00:00,120.42,399.46,66.31,181.44,21.25,10.85,44.81,267.6,137.21
2025-03-27 07:00:00,140.01,426.02,63.68,177.28,20.41,64.39,44.08,295.68,165.74
2025-03-27 08:00:00,123.5,413.03,79.53,187.95,22.11,127.49,44.92,351.59,212.1
2025-03-27 09:00:00,89.92,336.3,81.08,172.95,18.27,196.26,43.2,292.0,248.0
2025-03-27 10:00:00,70.79,288.95,63.89,152.85,17.24,297.81,43.56,312.28,286.85
2025-03-27 11:00:00,44.11,221.59,57.12,137.26,17.62,355.27,43.52,448.1,307.68
2025-03-27 12:00:00,26.11,191.6,58.07,139.9,17.89,328.23,47.3,687.5,328.8
2025-03-27 13:00:00,6.67,194.83,58.6,142.03,18.04,281.26,48.2,780.23,351.36
2025-03-27 14:00:00,32.0,200.07,59.27,143.02,18.25,256.02,47.88,811.43,321.43
2025-03-27 15:00:00,67.1,211.77,59.0,142.93,19.15,245.95,47.66,786.33,291.99
2025-03-27 16:00:00,87.07,247.21,60.03,154.68,26.18,167.77,48.28,757.18,293.12
2025-03-27 17:00:00,116.05,410.39,63.67,165.55,28.52,62.13,48.51,715.08,248.23
2025-03-27 18:00:00,125.63,484.59,65.21,181.42,29.67,7.55,48.92,675.95,246.33
2025-03-27 19:00:00,140.5,494.95,67.13,183.23,31.57,0.0,49.37,572.25,252.7
2025-03-27 20:00:00,140.69,483.84,74.54,183.89,31.65,0.0,49.18,491.54,225.77
2025-03-27 21:00:00,99.97,417.57,70.34,181.16,30.03,0.0,49.17,508.88,204.74
2025-03-27 22:00:00,90.4,376.74,65.14,172.19,28.17,0.0,48.68,459.05,202.64
2025-03-27 23:00:00,81.12,354.2,62.82,141.84,27.77,0.0,48.54,447.93,188.98
2025-03-28 00:00:00,85.19,288.05,62.34,133.29,27.71,0.0,47.98,404.36,185.49
2025-03-28 01:00:00,78.29,322.37,62.35,121.54,27.72,0.0,48.9,528.62,216.62
2025-03-28 02:00:00,68.78,286.44,59.95,117.51,27.0,0.0,47.96,662.55,210.03
2025-03-28 03:00:00,64.87,243.37,59.96,117.04,27.02,0.0,47.94,601.32,219.11
2025-03-28 04:00:00,53.59,250.85,62.01,118.44,28.6,0.0,47.61,507.97,220.41
2025-03-28 05:00:00,59.81,354.93,66.15,118.78,28.82,0.17,47.79,516.6,233.1
2025-03-28 06:00:00,85.26,388.61,61.17,132.85,27.75,33.35,47.94,546.75,253.4
2025-03-28 07:00:00,84.1,364.1,57.89,128.3,26.4,169.18,47.44,620.22,229.43
2025-03-28 08:00:00,64.69,250.3,64.85,122.96,28.52,351.13,47.61,609.37,228.77
2025-03-28 09:00:00,34.98,170.32,64.77,121.25,22.44,518.94,47.87,590.86,211.31
2025-03-28 10:00:00,20.46,148.39,60.99,102.41,18.77,642.87,48.37,495.5,198.74
2025-03-28 11:00:00,1.68,143.85,49.31,93.45,15.11,699.96,46.69,222.73,212.0
2025-03-28 12:00:00,-0.01,83.79,34.43,71.28,10.48,714.03,44.31,29.54,174.46
2025-03-28 13:00:00,-0.03,83.82,39.36,79.49,11.96,681.77,45.95,30.54,166.35
2025-03-28 14:00:00,14.48,90.35,45.86,86.22,13.73,612.59,45.96,228.5,157.38
2025-03-28 15:00:00,70.06,93.88,57.81,117.12,18.0,483.9,48.3,117.14,122.48
2025-03-28 16:00:00,104.14,162.74,62.14,123.35,26.03,300.43,48.33,75.04,92.7
2025-03-28 17:00:00,132.0,211.62,85.63,175.41,30.98,116.28,49.9,83.45,80.45
2025-03-28 18:00:00,165.99,218.77,116.59,225.89,37.21,12.55,52.92,149.52,70.56
2025-03-28 19:00:00,165.91,201.54,93.45,199.18,32.84,0.0,50.5,327.43,62.46
2025-03-28 20:00:00,148.03,204.36,95.37,193.84,32.69,0.0,50.73,474.76,49.9
2025-03-28 21:00:00,124.56,211.61,117.54,225.34,86.93,0.0,52.7,512.63,48.7
2025-03-28 22:00:00,117.94,192.39,70.04,178.26,100.8,0.0,52.31,370.99,60.46
2025-03-28 23:00:00,110.12,193.43,96.56,202.98,94.62,0.0,51.26,247.71,57.73
2025-03-29 00:00:00,113.62,197.82,94.01,199.12,87.54,0.0,51.6,175.09,61.46
2025-03-29 01:00:00,103.91,189.32,76.56,179.24,83.77,0.0,49.58,154.36,54.05
2025-03-29 02:00:00,96.54,194.59,68.27,170.42,82.8,0.0,49.22,128.39,84.81
2025-03-29 03:00:00,96.22,207.81,68.38,168.22,82.77,0.0,49.3,138.32,69.8
2025-03-29 04:00:00,96.5,222.86,110.9,208.12,90.75,0.0,53.63,107.88,57.56
2025-03-29 05:00:00,92.74,226.81,113.01,211.48,89.35,0.15,51.86,93.47,61.66
2025-03-29 06:00:00,96.73,224.87,67.9,176.84,82.35,29.38,48.76,198.07,70.96
2025-03-29 07:00:00,98.44,225.46,71.06,178.66,83.32,89.73,51.14,232.44,53.46
2025-03-29 08:00:00,91.86,231.49,71.75,178.86,83.5,165.28,52.74,285.42,62.49
2025-03-29 09:00:00,76.14,232.17,64.56,157.92,81.28,301.02,47.71,292.42,68.33
2025-03-29 10:00:00,65.67,231.97,63.1,143.99,80.89,449.89,48.43,356.78,66.64
2025-03-29 11:00:00,65.34,233.76,62.43,140.05,80.14,616.1,48.04,332.24,66.04
2025-03-29 12:00:00,65.33,227.0,60.47,136.04,79.42,630.84,47.45,329.65,85.94
2025-03-29 13:00:00,2.06,218.9,53.85,112.49,77.27,684.52,45.0,103.64,104.71
2025-03-29 14:00:00,3.94,222.32,55.29,116.88,77.76,620.31,44.84,145.36,102.42
2025-03-29 15:00:00,25.27,222.38,63.33,121.41,80.21,483.77,46.72,240.92,100.81
2025-03-29 16:00:00,56.37,190.94,64.73,124.01,84.13,303.97,47.41,162.06,138.48
2025-03-29 17:00:00,100.1,193.85,100.62,181.21,95.81,123.92,51.44,134.04,119.21
2025-03-29 18:00:00,146.91,238.42,153.39,241.24,192.92,14.21,72.7,71.55,100.39
2025-03-29 19:00:00,152.23,236.57,153.92,234.55,146.12,0.0,70.77,46.43,101.45
2025-03-29 20:00:00,121.07,236.46,156.13,239.36,147.91,0.0,70.91,46.35,99.54
2025-03-29 21:00:00,97.92,235.58,96.52,184.14,118.04,0.0,50.61,81.41,100.58
2025-03-29 22:00:00,76.65,209.12,67.56,167.56,92.37,0.0,49.34,232.1,113.35
2025-03-29 23:00:00,43.26,234.26,68.77,169.32,91.73,0.0,55.89,309.52,132.22
2025-03-30 00:00:00,46.31,193.36,57.91,134.4,88.14,0.0,47.79,238.02,123.15
2025-03-30 01:00:00,7.47,192.65,43.64,84.61,76.54,0.0,46.75,185.38,156.81
2025-03-30 03:00:00,4.34,187.88,28.24,57.89,69.99,0.0,44.06,327.4,190.26
2025-03-30 04:00:00,4.01,164.36,26.65,53.68,68.1,0.0,43.87,383.65,229.91
2025-03-30 05:00:00,3.01,129.69,26.28,53.19,67.45,0.0,44.52,271.69,272.68
2025-03-30 06:00:00,3.49,130.73,26.49,53.53,67.55,0.0,43.87,287.57,336.04
2025-03-30 07:00:00,3.31,161.93,26.94,52.08,67.73,2.17,43.47,374.54,381.2
2025-03-30 08:00:00,3.65,180.97,27.73,63.84,67.96,12.81,44.51,401.98,387.56
2025-03-30 09:00:00,3.9,176.06,28.6,66.56,68.23,59.86,44.21,319.78,375.96
2025-03-30 10:00:00,3.59,180.26,29.36,79.92,68.45,175.9,44.33,353.67,315.09
2025-03-30 11:00:00,3.8,177.35,30.02,87.89,68.6,269.82,44.56,194.62,250.79
2025-03-30 12:00:00,1.64,177.71,30.17,91.17,68.64,392.75,44.42,155.51,193.02
2025-03-30 13:00:00,4.64,177.49,30.38,89.86,68.76,339.4,44.57,583.2,194.43
2025-03-30 14:00:00,3.98,155.16,30.54,89.18,69.38,281.58,44.57,654.77,177.33
2025-03-30 15:00:00,4.05,135.01,30.57,86.28,69.85,180.13,44.59,617.5,184.19
2025-03-30 16:00:00,7.29,132.25,39.35,90.54,76.15,260.37,45.43,344.67,140.42
2025-03-30 17:00:00,14.79,154.26,49.86,149.52,84.24,208.73,46.79,251.75,167.61
2025-03-30 18:00:00,28.96,167.83,50.65,142.69,85.12,70.14,47.23,286.21,141.33
2025-03-30 19:00:00,45.06,189.93,48.63,137.22,84.46,7.13,52.05,257.54,197.86
2025-03-30 20:00:00,56.09,217.15,46.13,131.67,83.64,0.0,47.95,296.03,205.65
2025-03-30 21:00:00,48.07,174.41,49.45,135.35,83.93,0.0,50.02,345.47,230.58
2025-03-30 22:00:00,55.6,203.65,47.64,140.29,84.17,0.0,51.24,408.49,287.59
2025-03-30 23:00:00,53.45,210.35,47.06,145.23,84.07,0.0,46.68,524.95,320.64
2025-03-31 00:00:00,54.73,194.76,46.91,139.29,27.22,0.0,46.43,582.13,350.75
2025-03-31 01:00:00,53.87,200.57,46.21,134.73,22.96,0.0,46.58,468.2,362.31
2025-03-31 02:00:00,53.33,201.87,45.32,142.37,22.87,0.0,46.12,391.42,384.63
2025-03-31 03:00:00,51.93,195.71,46.78,145.57,15.72,0.0,46.51,511.72,377.18
2025-03-31 04:00:00,52.34,217.44,60.71,154.6,18.78,0.0,47.88,508.5,352.33
2025-03-31 05:00:00,53.57,292.5,63.33,157.79,19.61,0.0,50.88,403.21,330.62
2025-03-31 06:00:00,121.67,357.89,66.21,163.08,20.62,0.08,47.04,421.76,308.2
2025-03-31 07:00:00,143.63,426.72,69.49,169.85,21.8,13.52,49.38,394.98,268.77
2025-03-31 08:00:00,174.34,443.72,66.97,181.21,21.35,65.27,47.39,413.29,223.06
2025-03-31 09:00:00,133.23,498.24,93.38,194.68,24.17,135.19,48.17,439.2,208.58
2025-03-31 10:00:00,110.32,485.84,101.03,182.88,25.84,237.0,49.5,336.78,179.52
2025-03-31 11:00:00,99.08,427.57,85.67,172.68,30.58,312.25,48.52,299.81,182.87
2025-03-31 12:00:00,83.57,260.11,70.35,155.3,31.06,468.35,47.63,377.74,176.12
2025-03-31 13:00:00,74.12,251.36,67.58,150.42,37.93,523.02,46.47,271.09,164.49
2025-03-31 14:00:00,73.6,287.56,73.25,153.67,43.28,488.83,46.99,203.88,178.85
2025-03-31 15:00:00,69.56,284.44,69.38,153.48,43.11,486.22,46.56,212.78,186.08
2025-03-31 16:00:00,76.26,311.04,67.97,145.5,42.9,475.69,45.31,249.04,172.72
2025-03-31 17:00:00,100.88,401.39,70.11,133.39,43.51,314.77,45.3,271.19,134.04
2025-03-31 18:00:00,131.64,421.97,94.45,138.23,43.15,133.5,46.07,245.21,95.12
2025-03-31 19:00:00,184.06,450.25,96.94,164.77,44.07,17.01,45.24,248.56,69.92
2025-03-31 20:00:00,172.82,472.72,98.02,186.02,44.37,0.0,45.05,264.44,74.31
2025-03-31 21:00:00,135.1,444.41,71.05,181.67,44.33,0.0,45.58,277.57,75.7
2025-03-31 22:00:00,115.3,418.97,69.76,177.18,44.2,0.0,45.51,278.64,87.38
2025-03-31 23:00:00,102.38,412.45,70.88,173.62,44.01,0.0,46.09,249.55,91.35
2025-04-01 00:00:00,101.56,400.32,70.54,173.53,43.74,0.0,44.56,236.32,77.77
2025-04-01 01:00:00,95.02,351.49,69.89,181.92,43.52,0.0,44.64,211.72,81.25
2025-04-01 02:00:00,92.91,377.39,70.81,183.09,43.84,0.0,44.76,190.1,92.28
2025-04-01 03:00:00,93.5,378.73,70.95,183.01,43.88,0.0,45.19,192.07,102.22
2025-04-01 04:00:00,91.43,397.92,71.14,183.56,43.97,0.0,45.54,175.61,97.42
2025-04-01 05:00:00,100.72,425.81,72.56,183.95,44.04,0.0,45.48,131.84,85.27
2025-04-01 06:00:00,129.47,461.29,117.32,232.44,60.39,0.73,54.15,94.82,69.42
2025-04-01 07:00:00,179.99,468.46,91.85,200.41,49.95,48.48,46.88,72.94,60.2
2025-04-01 08:00:00,159.38,459.01,66.64,171.17,42.47,196.59,45.6,52.88,36.77
2025-04-01 09:00:00,108.47,461.85,75.09,166.5,42.67,368.11,47.82,27.76,14.09
2025-04-01 10:00:00,86.17,271.06,69.19,138.37,41.0,543.79,43.74,10.82,14.63
2025-04-01 11:00:00,68.74,205.22,62.26,139.0,39.21,649.81,44.11,7.41,14.19
2025-04-01 12:00:00,42.94,168.12,67.63,136.58,37.11,689.09,44.01,7.56,14.83
2025-04-01 13:00:00,23.17,165.38,63.71,130.86,36.5,699.0,43.94,8.81,21.16
2025-04-01 14:00:00,10.99,171.96,58.46,121.18,38.94,696.3,44.27,15.51,26.15
2025-04-01 15:00:00,34.58,171.85,57.65,109.0,38.81,622.04,43.92,9.56,27.58
2025-04-01 16:00:00,57.33,169.47,56.85,107.57,38.63,497.24,42.0,4.04,33.36
2025-04-01 17:00:00,82.8,185.23,55.98,108.59,38.77,323.68,43.66,8.75,47.4
2025-04-01 18:00:00,122.38,271.21,53.95,110.55,39.16,140.75,43.14,25.51,52.28
2025-04-01 19:00:00,155.73,411.45,59.65,120.14,41.0,19.01,43.73,45.5,58.74
2025-04-01 20:00:00,138.01,412.04,64.17,127.45,42.4,0.0,44.68,58.93,82.76
2025-04-01 21:00:00,110.91,473.52,70.7,128.0,42.5,0.0,45.39,49.39,98.13
2025-04-01 22:00:00,95.65,362.46,68.42,121.27,41.2,0.0,44.93,58.66,116.09
2025-04-01 23:00:00,79.45,313.97,59.73,115.51,40.1,0.0,44.93,144.47,111.38
2025-04-02 00:00:00,68.07,279.55,56.07,110.45,39.14,0.0,44.36,161.39,85.76
2025-04-02 01:00:00,66.94,289.4,55.18,109.04,38.86,0.0,44.68,128.2,66.55
2025-04-02 02:00:00,66.81,297.24,52.97,105.43,38.16,0.0,44.2,119.05,75.67
2025-04-02 03:00:00,67.97,368.45,51.37,102.76,37.67,0.0,43.99,132.66,73.71
2025-04-02 04:00:00,68.91,375.24,49.86,100.29,37.2,0.0,43.87,157.66,77.79
2025-04-02 05:00:00,82.18,431.96,57.37,110.54,39.15,0.0,44.16,151.3,77.42
2025-04-02 06:00:00,113.05,463.26,114.04,167.25,52.01,1.11,52.36,157.36,69.35
2025-04-02 07:00:00,151.11,465.52,151.82,215.06,66.46,45.92,59.77,181.81,49.78
2025-04-02 08:00:00,124.71,403.09,58.7,114.84,43.91,167.72,42.06,162.87,32.61
2025-04-02 09:00:00,81.92,355.76,52.12,104.61,38.06,362.79,43.02,127.47,28.17
2025-04-02 10:00:00,48.2,306.55,45.36,104.29,34.95,523.31,42.11,115.41,26.53
2025-04-02 11:00:00,0.18,206.11,41.26,87.95,30.58,595.99,42.1,19.55,30.17
2025-04-02 12:00:00,-2.11,177.91,40.38,97.31,26.86,609.81,41.53,0.33,34.98
2025-04-02 13:00:00,-2.18,170.92,39.53,90.06,26.76,615.83,41.68,0.28,31.54
2025-04-02 14:00:00,-1.64,171.27,39.23,90.64,22.89,590.58,41.29,0.32,32.03
2025-04-02 15:00:00,-1.38,172.47,39.13,90.96,12.44,545.84,41.12,1.89,33.57
2025-04-02 16:00:00,-0.03,177.86,38.95,87.26,13.08,471.82,41.09,4.94,35.3
2025-04-02 17:00:00,35.81,231.49,38.86,89.47,19.92,331.41,43.09,66.98,56.4
2025-04-02 18:00:00,67.96,327.21,38.64,104.16,20.5,143.82,41.35,56.91,52.06
2025-04-02 19:00:00,124.05,474.91,42.38,132.46,21.71,21.85,41.73,72.49,51.49
2025-04-02 20:00:00,114.0,463.44,50.04,139.38,21.94,0.09,41.9,71.65,54.02
2025-04-02 21:00:00,96.08,402.68,47.83,139.29,21.47,0.0,41.65,75.35,53.44
2025-04-02 22:00:00,82.64,353.22,39.96,133.24,20.31,0.0,41.12,101.48,46.23
2025-04-02 23:00:00,71.43,303.21,39.05,133.38,20.23,0.0,41.19,86.57,47.41
2025-04-03 00:00:00,67.01,262.39,39.88,121.73,20.45,0.0,41.47,87.78,52.74
2025-04-03 01:00:00,67.01,313.43,52.55,113.89,21.85,0.0,52.89,87.2,69.11
2025-04-03 02:00:00,67.01,264.08,43.78,110.26,15.81,0.0,48.11,89.85,92.14
2025-04-03 03:00:00,68.96,292.84,40.28,106.37,12.06,0.0,39.68,106.39,90.84
2025-04-03 04:00:00,71.01,337.17,40.01,113.71,11.98,0.0,39.79,86.77,86.03
2025-04-03 05:00:00,86.22,367.88,40.63,131.18,12.15,0.0,39.6,73.38,82.86
2025-04-03 06:00:00,129.72,460.16,58.85,159.94,16.4,1.8,49.04,66.19,77.64
2025-04-03 07:00:00,162.79,484.49,57.74,152.58,14.97,55.65,42.21,43.59,55.31
2025-04-03 08:00:00,133.3,479.73,114.59,211.67,30.9,204.99,48.33,39.27,38.31
2025-04-03 09:00:00,78.88,334.32,45.07,142.05,12.39,395.89,37.32,36.25,18.92
2025-04-03 10:00:00,40.63,240.7,36.74,117.52,10.99,553.66,36.3,18.94,16.91
2025-04-03 11:00:00,-0.1,184.73,36.72,86.92,10.96,610.36,38.15,0.46,16.26
2025-04-03 12:00:00,-1.19,161.45,34.28,92.11,10.19,660.77,39.32,0.37,19.49
2025-04-03 13:00:00,-8.39,174.33,34.36,91.09,10.26,643.77,40.85,1.61,16.35
2025-04-03 14:00:00,-5.56,173.05,34.68,88.7,10.39,589.68,41.02,4.11,11.07
2025-04-03 15:00:00,-0.27,200.91,58.91,125.04,21.23,604.93,48.0,4.82,10.73
2025-04-03 16:00:00,20.76,266.13,47.31,109.49,12.64,500.54,41.74,43.63,8.24
2025-04-03 17:00:00,75.0,357.81,86.19,163.14,38.28,319.63,50.55,41.43,5.54
2025-04-03 18:00:00,133.02,520.32,131.77,220.17,57.9,143.72,59.76,33.91,7.18
2025-04-03 19:00:00,163.49,514.62,89.04,186.5,36.87,21.68,50.46,26.51,5.65
2025-04-03 20:00:00,155.89,483.25,87.52,175.41,30.12,0.05,43.83,16.78,6.72
2025-04-03 21:00:00,137.03,388.3,48.82,146.81,23.46,0.0,41.57,19.69,7.4
2025-04-03 22:00:00,113.21,383.41,42.17,142.71,22.09,0.0,41.23,33.42,10.23
2025-04-03 23:00:00,104.59,460.13,45.18,144.07,22.33,0.0,44.29,33.48,12.84
2025-04-04 00:00:00,108.33,457.29,45.28,135.56,22.22,0.0,41.64,17.82,15.6
2025-04-04 01:00:00,103.01,454.64,50.01,143.26,22.34,0.0,41.57,12.22,16.62
2025-04-04 02:00:00,102.87,460.26,55.92,144.85,22.92,0.0,41.37,18.64,15.79
2025-04-04 03:00:00,103.6,401.86,46.74,141.85,22.71,0.0,41.66,31.06,19.67
2025-04-04 04:00:00,100.3,432.07,45.23,139.81,22.24,0.0,43.02,36.69,16.33
2025-04-04 05:00:00,105.37,459.71,44.17,142.2,21.91,0.0,42.7,67.28,14.87
2025-04-04 06:00:00,152.68,452.93,46.69,149.68,23.41,2.1,44.03,68.7,14.35
2025-04-04 07:00:00,180.16,471.46,46.05,149.64,23.21,58.77,39.76,73.4,22.24
2025-04-04 08:00:00,139.41,456.02,42.48,143.8,15.99,211.0,35.24,78.28,22.53
2025-04-04 09:00:00,95.68,313.74,39.76,133.59,14.23,402.24,35.67,86.69,15.64
2025-04-04 10:00:00,58.24,193.96,41.19,101.24,12.1,560.39,43.68,65.38,15.8
2025-04-04 11:00:00,14.55,175.79,27.94,48.48,8.3,663.1,43.68,51.31,18.81
2025-04-04 12:00:00,0.02,154.37,23.83,43.16,6.98,710.38,43.17,5.78,30.28
2025-04-04 13:00:00,-1.31,158.57,23.62,48.49,6.96,661.74,42.86,0.84,48.33
2025-04-04 14:00:00,-1.15,144.79,23.71,48.6,6.97,605.6,42.84,0.54,75.47
2025-04-04 15:00:00,1.61,153.7,24.44,55.94,7.18,587.47,43.66,50.78,211.18
2025-04-04 16:00:00,33.22,154.95,37.53,96.77,11.27,484.01,44.26,384.16,260.39
2025-04-04 17:00:00,70.5,246.85,41.37,100.09,12.51,316.89,45.22,438.33,255.31
2025-04-04 18:00:00,111.03,421.88,45.83,138.2,18.23,139.23,46.72,410.94,205.64
2025-04-04 19:00:00,132.99,441.63,46.74,150.68,23.58,25.05,45.77,213.28,185.93
2025-04-04 20:00:00,137.92,433.71,47.36,151.36,23.73,0.06,45.81,108.95,188.19
2025-04-04 21:00:00,111.14,428.2,47.22,150.97,23.73,0.0,45.33,45.61,126.66
2025-04-04 22:00:00,98.1,434.13,45.75,145.23,22.69,0.0,44.79,43.07,100.52
2025-04-04 23:00:00,91.06,437.37,44.8,138.95,22.27,0.0,44.88,27.26,96.4
2025-04-05 00:00:00,99.2,397.03,44.05,121.76,16.59,0.0,44.42,17.93,150.62
2025-04-05 01:00:00,94.27,389.38,40.88,116.58,12.52,0.0,43.99,42.36,156.87
2025-04-05 02:00:00,92.42,375.42,40.7,117.04,12.46,0.0,44.31,73.91,136.88
2025-04-05 03:00:00,92.15,331.53,39.96,115.8,12.23,0.0,44.13,141.09,174.21
2025-04-05 04:00:00,90.37,351.51,39.48,115.77,12.1,0.0,44.26,373.12,182.97
2025-04-05 05:00:00,89.3,324.81,40.0,115.8,12.29,0.0,44.55,615.64,196.81
2025-04-05 06:00:00,92.48,300.8,39.64,115.08,12.18,2.01,44.92,560.24,210.9
2025-04-05 07:00:00,98.6,319.88,39.94,115.13,12.3,49.82,45.14,649.66,236.62
2025-04-05 08:00:00,90.26,330.81,38.77,100.95,11.94,162.6,44.61,624.82,299.24
2025-04-05 09:00:00,4.68,219.28,39.45,70.04,12.12,378.5,44.7,456.56,285.68
2025-04-05 10:00:00,0.43,167.83,40.12,95.9,12.32,597.31,45.25,160.86,182.81
2025-04-05 11:00:00,-1.32,140.66,38.89,102.49,11.95,635.71,44.3,5.35,100.57
2025-04-05 12:00:00,-4.35,120.49,31.26,89.94,9.51,617.23,44.82,7.01,77.6
2025-04-05 13:00:00,-6.32,111.48,38.23,107.59,11.67,624.45,45.2,1.91,109.17
2025-04-05 14:00:00,-5.92,116.78,38.46,108.16,11.75,637.25,44.56,3.19,154.49
2025-04-05 15:00:00,-5.31,123.27,38.99,107.15,11.91,581.31,45.27,5.84,163.87
2025-04-05 16:00:00,-1.37,130.11,38.52,104.31,12.38,475.61,44.95,14.43,129.15
2025-04-05 17:00:00,3.95,185.5,38.3,99.68,20.07,296.37,45.86,57.65,168.13
2025-04-05 18:00:00,53.68,289.4,39.58,122.68,22.25,133.41,45.07,44.4,158.72
2025-04-05 19:00:00,98.94,395.24,45.51,134.12,24.12,24.66,45.77,33.89,150.74
2025-04-05 20:00:00,98.91,428.2,47.57,141.26,24.75,0.1,46.25,21.78,177.01
2025-04-05 21:00:00,84.26,411.19,44.21,142.59,23.71,0.0,45.79,18.42,190.85
2025-04-05 22:00:00,79.0,411.22,42.91,140.36,23.28,0.0,45.71,13.31,186.11
2025-04-05 23:00:00,68.75,413.75,40.08,135.57,22.42,0.0,45.2,29.63,148.64
2025-04-06 00:00:00,70.47,368.32,39.02,134.06,22.12,0.0,45.3,84.33,92.5
2025-04-06 01:00:00,61.01,367.66,39.04,134.37,22.1,0.0,45.24,57.45,43.96
2025-04-06 02:00:00,62.73,364.76,39.45,135.18,22.21,0.0,44.77,27.04,30.01
2025-04-06 03:00:00,68.29,405.05,39.37,134.62,22.2,0.0,45.46,10.5,31.3
2025-04-06 04:00:00,69.96,394.46,39.36,134.53,22.2,0.0,45.14,5.02,20.29
2025-04-06 05:00:00,77.44,404.12,35.45,128.48,13.69,0.0,44.5,24.74,16.09
2025-04-06 06:00:00,76.54,411.27,37.56,131.86,11.55,3.49,44.4,88.07,13.44
2025-04-06 07:00:00,69.6,381.7,27.89,100.75,8.54,68.1,43.83,89.46,11.04
2025-04-06 08:00:00,43.04,351.01,24.2,76.86,7.36,206.71,44.59,72.41,14.05
2025-04-06 09:00:00,3.8,204.15,20.88,53.2,6.33,386.35,42.31,1.14,15.67
2025-04-06 10:00:00,0.15,140.03,20.72,76.2,6.28,572.4,42.55,1.27,15.27
2025-04-06 11:00:00,-4.67,132.25,20.69,80.4,6.27,630.65,42.7,1.9,8.02
2025-04-06 12:00:00,-4.42,129.43,20.81,85.75,6.3,612.45,42.67,4.17,10.8
2025-04-06 13:00:00,-7.62,145.17,20.75,95.33,6.27,631.57,42.42,4.08,20.0
2025-04-06 14:00:00,-11.38,144.84,21.05,86.24,6.33,604.7,42.7,5.8,37.32
2025-04-06 15:00:00,-6.33,159.13,21.51,84.32,6.46,496.88,43.31,9.45,56.12
2025-04-06 16:00:00,2.49,233.71,22.99,77.36,6.94,463.44,42.72,62.13,73.03
2025-04-06 17:00:00,14.48,290.5,26.31,101.53,9.47,327.42,43.64,334.7,60.13
2025-04-06 18:00:00,70.5,361.41,40.73,133.38,22.01,151.85,45.16,366.27,46.2
2025-04-06 19:00:00,126.02,414.69,44.03,146.02,24.32,27.73,45.93,425.53,36.06
2025-04-06 20:00:00,128.11,437.43,46.02,146.88,24.55,0.09,46.0,322.03,41.94
2025-04-06 21:00:00,119.68,443.24,76.66,165.34,28.23,0.0,48.55,332.39,51.3
2025-04-06 22:00:00,108.2,399.94,43.91,143.73,24.04,0.0,45.78,327.36,60.01
2025-04-06 23:00:00,97.38,412.93,40.2,136.9,22.6,0.0,44.93,342.44,63.17
2025-04-07 00:00:00,83.64,365.96,39.3,130.39,22.2,0.0,45.06,384.54,87.0
2025-04-07 01:00:00,81.66,314.75,39.76,134.62,22.32,0.0,44.72,438.89,69.7
2025-04-07 02:00:00,78.7,378.86,39.82,131.08,22.35,0.0,45.3,441.0,75.51
2025-04-07 03:00:00,79.97,369.81,39.21,134.23,22.15,0.0,45.2,395.08,78.66
2025-04-07 04:00:00,82.8,402.3,39.54,134.82,22.26,0.0,44.99,309.24,71.79
2025-04-07 05:00:00,93.24,386.25,43.05,140.45,23.38,0.0,46.94,269.89,76.38
2025-04-07 06:00:00,124.25,430.3,47.55,149.01,19.09,3.37,45.76,284.45,99.49
2025-04-07 07:00:00,182.83,502.1,32.79,125.94,10.46,56.92,43.91,295.3,104.3
2025-04-07 08:00:00,144.61,515.27,26.73,117.47,8.86,209.94,44.43,338.76,85.8
2025-04-07 09:00:00,107.06,414.2,44.07,135.28,14.28,342.98,45.32,338.24,114.07
2025-04-07 10:00:00,60.87,335.61,39.99,95.15,12.95,455.45,45.48,382.68,118.69
2025-04-07 11:00:00,50.74,217.78,41.1,86.39,12.56,564.47,45.18,339.25,97.56
2025-04-07 12:00:00,40.06,150.61,39.49,88.54,12.04,618.82,44.35,226.94,68.37
2025-04-07 13:00:00,17.09,126.31,38.92,77.38,11.84,640.12,45.05,198.85,62.47
2025-04-07 14:00:00,36.81,127.02,39.05,92.05,11.89,684.84,43.31,280.36,75.14
2025-04-07 15:00:00,49.27,168.94,41.55,90.7,12.64,644.96,42.9,307.89,76.69
2025-04-07 16:00:00,52.97,239.23,41.94,102.1,12.81,522.86,43.54,293.62,66.47
2025-04-07 17:00:00,100.08,313.54,40.46,121.94,14.55,346.86,45.24,261.62,55.58
2025-04-07 18:00:00,127.6,471.09,68.98,140.4,22.35,156.89,49.72,211.43,39.05
2025-04-07 19:00:00,168.45,542.66,65.67,125.2,20.22,28.41,46.2,109.49,32.15
2025-04-07 20:00:00,165.05,552.23,65.02,112.36,19.85,0.17,43.72,42.38,32.4
2025-04-07 21:00:00,138.2,524.76,72.38,134.08,22.14,0.0,45.08,33.62,36.03
2025-04-07 22:00:00,121.02,471.93,48.41,149.19,24.97,0.0,45.89,53.8,44.06
2025-04-07 23:00:00,105.21,448.95,46.15,149.16,25.02,0.0,45.99,73.02,26.64
2025-04-08 00:00:00,94.96,453.98,44.93,147.17,24.64,0.0,45.96,115.59,18.87
2025-04-08 01:00:00,87.84,401.19,41.91,142.26,23.7,0.0,45.61,120.25,21.68
2025-04-08 02:00:00,89.08,392.8,42.16,142.93,23.76,0.0,45.77,73.25,27.99
2025-04-08 03:00:00,89.91,400.0,41.58,142.25,23.6,0.0,45.78,30.91,32.3
2025-04-08 04:00:00,91.64,432.4,40.88,141.03,23.36,0.0,45.79,17.72,24.7
2025-04-08 05:00:00,105.74,471.1,54.36,151.32,25.42,0.0,46.62,5.71,14.79
2025-04-08 06:00:00,142.98,551.46,88.2,184.55,35.26,3.07,48.77,4.37,7.18
2025-04-08 07:00:00,180.63,592.91,36.0,122.4,20.19,50.75,43.85,12.62,12.94
2025-04-08 08:00:00,136.82,591.22,26.6,116.3,11.52,178.96,41.96,17.8,11.58
2025-04-08 09:00:00,91.31,458.86,52.91,147.25,16.21,423.44,44.97,13.98,6.03
2025-04-08 10:00:00,76.45,302.16,50.22,152.44,15.26,566.06,44.85,3.67,12.17
2025-04-08 11:00:00,48.15,214.66,37.75,113.52,11.33,764.2,43.56,4.24,25.31
2025-04-08 12:00:00,32.46,175.23,39.9,114.54,12.01,825.35,45.05,5.94,23.4
2025-04-08 13:00:00,16.83,183.75,40.43,115.56,12.22,805.48,45.2,4.26,20.11
2025-04-08 14:00:00,31.88,196.99,40.92,113.37,12.4,757.7,45.16,3.47,23.15
2025-04-08 15:00:00,54.1,213.2,40.16,115.99,12.18,708.75,45.12,6.15,18.09
2025-04-08 16:00:00,73.29,253.63,39.6,153.21,12.03,615.15,45.28,10.16,16.68
2025-04-08 17:00:00,90.35,341.85,43.7,142.33,13.79,424.52,45.59,7.85,13.99
2025-04-08 18:00:00,118.27,557.07,49.44,141.43,20.46,180.24,46.25,9.27,8.55
2025-04-08 19:00:00,180.41,569.24,43.38,129.46,21.6,35.89,46.06,12.74,7.2
2025-04-08 20:00:00,171.31,563.48,38.63,133.78,21.96,0.14,50.66,16.21,7.02
2025-04-08 21:00:00,140.01,565.12,54.63,145.79,24.17,0.0,46.7,32.82,9.01
2025-04-08 22:00:00,120.48,540.88,31.1,125.23,20.25,0.0,44.14,62.07,13.84
2025-04-09 00:00:00,104.99,456.37,42.84,144.44,23.91,,46.93,,
2025-04-09 09:00:00,99.51,491.06,50.66,164.28,15.16,353.7,45.98,42.03,57.88
2025-04-09 10:00:00,82.67,,,,,491.48,,36.64,45.41
2025-04-09 11:00:00,58.92,225.66,44.46,137.3,13.56,649.3,44.44,55.68,39.58
2025-04-09 12:00:00,14.32,143.36,46.32,121.53,14.11,697.43,48.75,132.96,56.55
2025-04-09 13:00:00,6.72,132.95,40.44,104.34,12.27,541.35,46.41,202.72,85.33
2025-04-09 14:00:00,13.26,174.75,33.15,83.36,10.11,501.31,47.2,153.1,106.7
2025-04-09 15:00:00,34.82,232.69,33.42,97.03,10.19,473.84,47.78,228.45,130.46
2025-04-09 16:00:00,62.94,264.95,34.17,94.9,10.32,389.77,47.58,438.95,108.58
2025-04-09 17:00:00,83.46,285.33,42.14,105.08,12.84,263.82,45.26,427.94,88.09
2025-04-09 18:00:00,99.51,408.08,100.51,193.66,25.05,126.36,50.2,401.01,79.21
2025-04-09 19:00:00,125.9,441.28,66.16,168.83,18.63,28.12,47.12,529.95,74.81
2025-04-09 20:00:00,138.73,438.52,55.33,156.22,16.48,0.15,47.04,586.44,80.44
2025-04-09 21:00:00,111.23,462.52,53.19,127.3,16.78,0.0,47.1,587.61,98.6
2025-04-09 22:00:00,101.93,419.2,47.34,117.05,15.15,0.0,46.78,518.48,88.93
2025-04-10 01:00:00,89.52,309.28,45.23,115.27,14.56,0.0,45.86,313.11,62.31
2025-04-10 02:00:00,88.86,330.98,45.83,117.19,14.74,0.0,46.08,127.18,36.53
2025-04-10 03:00:00,87.89,360.21,43.8,130.21,14.11,0.0,45.59,19.08,20.85
2025-04-10 04:00:00,90.0,408.94,44.36,135.08,14.28,0.0,45.04,7.98,10.47
2025-04-10 05:00:00,97.54,441.34,46.77,151.28,15.02,0.0,48.2,7.16,9.07
2025-04-10 06:00:00,129.17,433.84,50.24,156.42,16.04,6.29,47.1,10.75,5.98
2025-04-10 07:00:00,173.87,439.34,49.16,154.67,15.67,84.97,45.95,24.98,6.27
2025-04-10 08:00:00,135.89,428.24,48.25,153.47,15.39,224.65,44.22,56.11,7.91
2025-04-10 09:00:00,101.98,439.8,51.67,145.74,15.86,426.59,44.93,70.14,8.32
2025-04-10 11:00:00,66.31,380.38,42.68,124.49,13.62,624.94,41.54,44.13,26.21
2025-04-10 12:00:00,32.59,164.83,31.45,99.23,9.78,699.33,40.27,84.98,65.11
2025-04-10 13:00:00,5.65,85.29,26.42,89.43,8.62,661.13,41.86,99.58,119.16
2025-04-10 14:00:00,1.59,55.44,25.11,64.11,8.22,655.52,43.45,220.18,189.67
2025-04-10 15:00:00,8.48,60.46,25.79,51.66,8.38,563.54,43.46,391.67,281.28
2025-04-10 16:00:00,40.57,115.45,26.52,71.07,8.54,442.45,43.93,568.05,393.27
2025-04-10 17:00:00,31.54,152.19,40.38,92.05,12.85,278.71,45.64,839.97,456.91
2025-04-10 18:00:00,31.57,121.05,47.14,90.39,13.34,141.35,45.65,935.15,426.76
2025-04-10 19:00:00,30.73,111.5,46.91,91.21,13.29,33.49,45.85,937.85,389.23
2025-04-10 20:00:00,28.56,112.69,46.7,111.88,13.22,0.77,44.68,938.56,469.41
2025-04-10 21:00:00,27.47,88.89,34.53,99.14,9.42,0.0,44.57,939.87,515.69
2025-04-10 22:00:00,25.38,79.74,25.62,75.94,8.21,0.0,43.62,932.08,525.52
2025-04-10 23:00:00,18.7,81.94,25.44,50.49,8.29,0.0,44.29,926.86,521.31
2025-04-11 00:00:00,14.95,77.79,24.09,61.77,7.88,0.0,43.67,929.95,500.16
2025-04-11 01:00:00,12.03,68.77,23.63,62.65,7.73,0.0,43.52,931.59,463.7
2025-04-11 02:00:00,12.04,62.38,23.75,62.34,7.77,0.0,42.8,924.62,424.37
2025-04-11 03:00:00,9.06,62.03,23.92,62.25,7.83,0.0,42.31,904.24,430.84
2025-04-11 04:00:00,8.94,68.6,25.9,62.64,7.84,0.0,43.26,773.74,474.04
2025-04-11 05:00:00,19.21,129.14,29.4,70.63,9.17,0.0,44.02,811.17,480.84
2025-04-11 06:00:00,32.23,176.18,36.67,118.48,11.81,2.87,44.74,785.53,454.54
2025-04-11 07:00:00,46.17,219.44,37.16,133.04,11.95,18.5,45.11,813.7,421.43
2025-04-11 08:00:00,49.43,222.98,54.76,147.95,14.8,37.09,45.75,796.14,330.45
2025-04-11 09:00:00,42.38,230.59,97.58,190.59,26.57,73.37,49.29,562.03,265.59
2025-04-11 10:00:00,31.18,216.79,43.5,111.64,11.9,154.73,45.06,387.74,212.32
2025-04-11 11:00:00,14.0,136.55,35.14,81.28,10.33,234.32,42.93,412.67,214.15
2025-04-11 12:00:00,7.14,111.44,25.25,83.02,7.71,329.28,42.67,325.87,197.55
2025-04-11 13:00:00,3.97,127.13,25.02,78.54,7.62,368.17,43.15,318.78,211.07
2025-04-11 14:00:00,6.13,100.58,25.0,75.99,7.62,355.01,42.54,368.95,234.87
2025-04-11 15:00:00,12.22,80.67,25.28,67.71,7.68,345.3,42.08,360.37,237.19
2025-04-11 16:00:00,29.8,143.01,25.06,76.16,7.62,296.94,43.38,366.17,237.17
2025-04-11 17:00:00,45.79,218.26,28.0,104.82,8.9,213.5,43.89,397.98,243.92
2025-04-11 18:00:00,96.71,225.07,25.57,116.66,14.81,107.44,43.62,424.68,270.65
2025-04-11 19:00:00,119.88,186.99,28.69,121.41,17.76,27.2,43.49,374.87,250.2
2025-04-11 20:00:00,130.5,176.56,36.41,133.5,20.15,0.14,44.88,541.33,234.38
2025-04-11 21:00:00,125.0,174.4,37.7,129.57,20.59,0.0,45.13,627.08,185.1
2025-04-11 22:00:00,106.73,194.59,35.03,122.25,19.79,0.0,44.91,723.17,160.29
2025-04-11 23:00:00,95.84,172.54,36.01,128.88,19.71,0.0,45.0,549.85,162.71
2025-04-12 00:00:00,101.08,208.53,37.45,131.8,20.1,0.0,44.79,433.63,127.77
2025-04-12 01:00:00,98.41,221.29,38.3,132.72,20.33,0.0,45.24,382.35,109.18
2025-04-12 02:00:00,95.36,220.19,37.96,117.77,20.28,0.0,45.36,386.05,101.02
2025-04-12 03:00:00,89.07,218.08,40.97,126.32,21.22,0.0,45.35,367.03,127.07
2025-04-12 04:00:00,89.12,191.64,37.65,121.43,19.37,0.0,44.93,290.6,128.54
2025-04-12 05:00:00,89.1,179.9,33.17,114.15,10.43,0.0,44.34,260.13,108.02
2025-04-12 06:00:00,93.49,223.3,33.26,114.33,10.32,1.37,45.79,195.93,89.69
2025-04-12 07:00:00,99.71,234.98,40.16,125.69,11.12,26.2,49.17,230.32,75.34
2025-04-12 08:00:00,90.47,224.83,31.95,111.49,9.92,80.79,44.72,191.54,64.53
2025-04-12 09:00:00,67.26,145.43,44.34,101.51,12.35,119.34,44.95,175.01,75.23
2025-04-12 10:00:00,3.91,86.12,68.87,99.03,17.55,156.92,47.59,61.25,78.62
2025-04-12 11:00:00,-1.65,66.0,54.87,83.99,15.46,203.3,49.41,24.1,59.88
2025-04-12 12:00:00,-6.74,69.35,26.04,82.42,7.81,224.53,41.57,4.53,41.95
2025-04-12 13:00:00,-15.89,75.69,26.01,84.6,7.78,259.28,41.39,4.66,38.57
2025-04-12 14:00:00,-19.62,68.1,25.86,84.96,7.72,356.15,41.0,2.95,24.53
2025-04-12 15:00:00,-9.78,66.76,25.82,84.14,7.73,418.6,41.79,1.44,12.41
2025-04-12 16:00:00,-0.47,67.97,26.5,72.54,8.05,470.12,39.77,8.33,12.28
2025-04-12 17:00:00,50.96,105.45,32.65,88.3,13.34,339.23,39.46,45.14,12.02
2025-04-12 18:00:00,111.31,159.71,37.87,90.98,21.92,165.93,47.33,56.72,9.15
2025-04-12 19:00:00,150.07,210.21,37.22,89.8,21.94,38.92,41.93,28.81,6.32
2025-04-12 20:00:00,120.89,215.24,36.91,99.03,21.83,0.85,42.14,23.09,9.07
2025-04-12 21:00:00,91.01,199.9,37.6,90.4,14.63,0.0,42.41,16.82,12.33
2025-04-12 22:00:00,86.27,201.7,42.07,85.89,11.56,0.0,42.17,11.66,16.81
2025-04-12 23:00:00,64.27,171.42,30.87,71.83,9.62,0.0,41.35,30.91,32.69
2025-04-13 00:00:00,63.99,151.76,31.45,73.17,9.77,0.0,41.56,50.75,69.81
2025-04-13 01:00:00,56.0,154.48,31.99,74.83,9.93,0.0,41.24,99.32,108.64
2025-04-13 02:00:00,42.37,131.59,35.25,76.49,10.19,0.0,41.59,163.01,151.32
2025-04-13 03:00:00,29.5,92.66,33.75,77.95,10.36,0.0,46.87,217.53,196.64
2025-04-13 04:00:00,32.06,77.62,32.24,78.67,9.88,0.0,41.73,285.87,197.78
2025-04-13 05:00:00,34.48,127.13,32.12,79.24,9.83,0.0,41.69,352.42,200.18
2025-04-13 06:00:00,29.42,171.76,32.38,79.59,9.91,10.28,41.79,438.66,238.71
2025-04-13 07:00:00,27.08,129.18,32.25,75.38,9.89,84.05,42.59,458.68,233.21
2025-04-13 08:00:00,12.7,78.43,35.14,62.49,10.79,233.26,42.9,441.27,198.89
2025-04-13 09:00:00,5.66,100.35,26.77,48.26,8.17,433.66,43.7,464.18,202.27
2025-04-13 10:00:00,2.68,102.25,25.63,58.23,7.79,545.87,44.03,328.44,188.98
2025-04-13 11:00:00,0.07,105.56,26.1,59.83,7.95,560.18,43.47,289.01,203.67
2025-04-13 12:00:00,-1.91,99.29,26.78,60.06,8.25,423.97,43.93,261.25,140.87
2025-04-13 13:00:00,-3.26,97.86,26.05,59.52,8.02,371.23,43.07,308.8,118.05
2025-04-13 14:00:00,-2.92,62.18,28.21,63.39,8.65,271.36,43.13,308.71,117.89
2025-04-13 15:00:00,-1.04,54.7,28.99,65.65,8.91,170.91,43.7,170.81,141.86
2025-04-13 16:00:00,1.82,56.09,39.04,82.68,14.67,113.25,44.39,354.44,267.17
2025-04-13 17:00:00,15.35,153.46,48.65,87.4,24.96,112.48,48.26,373.41,196.53
2025-04-13 18:00:00,89.73,208.01,50.74,102.97,25.9,101.0,46.31,601.76,143.75
2025-04-13 19:00:00,109.57,222.18,57.78,117.48,28.54,39.25,46.76,519.69,235.0
2025-04-13 20:00:00,112.74,218.11,61.59,124.48,29.44,1.66,47.25,669.1,302.58
2025-04-13 21:00:00,106.96,208.45,59.64,121.3,20.12,0.0,46.94,716.29,296.33
2025-04-13 22:00:00,97.65,186.22,62.3,123.69,19.53,0.0,47.15,710.29,253.83
2025-04-13 23:00:00,90.0,172.22,67.59,131.93,21.1,0.0,47.7,637.01,197.34
2025-04-14 00:00:00,81.61,115.69,77.13,147.44,24.07,0.0,48.82,548.24,142.43
2025-04-14 01:00:00,77.99,128.49,70.15,136.2,21.92,0.0,48.25,433.48,97.06
2025-04-14 02:00:00,77.51,140.13,68.51,133.55,21.37,0.0,47.79,205.36,58.96
2025-04-14 03:00:00,82.29,165.2,69.19,136.23,21.6,0.0,48.55,135.15,62.93
2025-04-14 04:00:00,84.52,147.26,70.58,140.2,22.02,0.0,49.04,112.43,63.75
2025-04-14 05:00:00,97.1,221.53,74.96,148.76,23.41,0.0,50.07,71.11,31.44
2025-04-14 06:00:00,124.34,205.6,77.26,169.27,24.52,4.02,50.05,42.39,20.98
2025-04-14 07:00:00,152.04,211.77,79.35,177.25,25.15,20.42,50.81,18.74,15.02
2025-04-14 08:00:00,143.72,253.29,81.04,175.23,25.33,55.99,48.52,8.54,11.15
2025-04-14 09:00:00,104.7,254.91,88.87,177.3,26.03,146.6,47.18,8.37,30.99
2025-04-14 10:00:00,91.02,236.23,80.66,168.19,25.49,169.46,50.46,7.74,27.84
2025-04-14 11:00:00,77.07,184.09,86.19,161.42,25.21,170.46,45.43,19.19,38.87
2025-04-14 12:00:00,62.35,126.13,80.89,152.16,23.89,293.25,44.64,18.52,55.29
2025-04-14 13:00:00,61.64,110.42,76.18,149.83,23.75,455.21,44.03,16.31,67.11
2025-04-14 14:00:00,64.36,119.87,77.72,151.02,24.0,549.6,44.36,17.35,79.99
2025-04-14 15:00:00,75.29,183.95,108.81,181.72,29.45,512.04,46.5,25.8,90.7
2025-04-14 16:00:00,84.61,158.15,81.87,175.86,32.79,444.93,45.09,23.27,83.99
2025-04-14 17:00:00,97.02,214.73,84.03,163.63,36.39,319.49,44.95,16.21,46.01
2025-04-14 18:00:00,119.37,241.02,84.84,164.93,36.75,166.86,45.7,13.41,19.53
2025-04-14 19:00:00,180.04,249.95,91.01,170.01,37.71,41.66,45.7,9.49,9.01
2025-04-14 20:00:00,140.8,249.57,97.49,171.69,37.92,0.88,46.62,20.71,5.23
2025-04-14 21:00:00,102.95,236.43,85.5,165.4,36.75,0.0,46.36,23.85,6.11
2025-04-14 22:00:00,82.65,200.01,88.63,167.02,36.98,0.0,47.28,42.18,8.74
2025-04-14 23:00:00,76.01,90.72,83.33,188.0,35.71,0.0,47.86,106.43,17.07
2025-04-15 00:00:00,73.0,30.63,78.79,185.75,34.59,,48.22,,
2025-04-15 01:00:00,73.2,22.61,72.25,173.48,26.12,0.0,47.0,280.36,74.34
2025-04-15 02:00:00,67.4,22.27,71.98,158.85,22.46,0.0,47.24,297.46,90.52
2025-04-15 03:00:00,62.91,22.86,76.39,148.77,23.87,0.0,47.82,277.89,121.96
2025-04-15 04:00:00,53.95,20.87,77.79,151.69,24.29,0.0,48.84,321.02,157.48
2025-04-15 05:00:00,53.98,21.24,84.97,172.72,24.81,0.0,47.74,377.29,199.9
2025-04-15 06:00:00,76.44,22.81,76.37,183.63,23.51,13.52,47.5,579.1,226.13
2025-04-15 07:00:00,90.56,20.1,74.93,183.35,23.34,89.73,47.57,702.32,261.1
2025-04-15 08:00:00,78.66,19.49,75.78,173.93,23.65,185.75,47.26,760.11,274.06
2025-04-15 09:00:00,45.16,19.16,69.57,167.4,21.57,197.41,45.25,811.88,338.77
2025-04-15 10:00:00,31.57,11.23,59.17,156.63,18.31,235.14,44.84,655.25,370.41
2025-04-15 11:00:00,4.53,7.33,44.71,100.65,13.95,395.52,42.89,566.77,399.18
2025-04-15 12:00:00,1.59,6.48,36.39,86.35,11.35,543.94,40.98,203.48,389.13
2025-04-15 13:00:00,2.11,6.6,36.2,86.03,11.28,661.2,42.02,310.23,296.85
2025-04-15 14:00:00,3.97,6.46,32.05,79.39,9.96,714.21,40.18,483.68,394.14
2025-04-15 15:00:00,7.22,6.51,34.11,82.06,10.6,640.33,32.58,586.85,368.66
2025-04-15 16:00:00,9.58,7.11,40.92,91.81,12.71,516.7,41.74,888.3,413.33
2025-04-15 17:00:00,23.55,13.05,44.67,95.04,13.82,344.85,41.81,900.69,392.37
2025-04-15 18:00:00,29.09,16.16,59.23,110.88,16.98,153.23,47.91,917.96,364.1
2025-04-15 19:00:00,35.7,18.06,99.81,156.03,25.35,31.96,46.0,911.4,335.76
2025-04-15 20:00:00,43.62,18.61,125.59,173.32,28.54,0.56,48.23,895.08,328.87
2025-04-15 21:00:00,29.9,15.75,50.84,104.32,15.45,0.0,41.78,764.62,293.6
2025-04-15 22:00:00,43.16,15.69,41.54,91.01,12.79,0.0,41.91,604.57,232.44
2025-04-15 23:00:00,47.98,15.5,41.73,90.65,12.86,0.0,44.26,629.12,189.09
2025-04-16 00:00:00,40.49,14.19,49.22,99.94,14.62,0.0,41.53,760.76,191.76
2025-04-16 01:00:00,50.92,14.55,73.79,97.11,18.38,0.0,43.32,577.14,169.05
2025-04-16 02:00:00,76.36,17.6,130.97,172.99,33.24,0.0,49.72,462.11,148.07
2025-04-16 03:00:00,52.69,14.85,70.38,107.31,20.84,0.0,44.74,426.43,153.15
2025-04-16 04:00:00,47.11,15.14,71.5,113.93,22.13,0.0,45.23,346.69,150.31
2025-04-16 05:00:00,56.85,15.7,78.91,122.66,23.81,0.0,45.96,329.61,118.41
2025-04-16 06:00:00,101.5,19.07,84.91,131.41,25.49,5.05,45.94,277.09,99.35
2025-04-16 07:00:00,135.14,18.35,85.39,135.85,26.34,56.84,48.0,209.72,67.67
2025-04-16 08:00:00,109.94,18.49,84.37,134.95,26.17,171.96,46.41,148.85,29.87
2025-04-16 09:00:00,94.82,18.14,82.74,132.25,25.58,326.74,45.69,83.35,23.85
2025-04-16 10:00:00,79.75,17.37,77.74,134.5,24.0,519.09,46.23,84.73,24.92
2025-04-16 11:00:00,64.08,16.72,69.67,131.88,22.93,589.79,44.72,37.01,17.22
2025-04-16 12:00:00,35.3,12.9,72.55,126.91,30.17,648.58,44.11,14.88,12.69
2025-04-16 13:00:00,22.4,11.81,52.57,104.78,31.36,632.95,40.28,4.55,17.72
2025-04-16 14:00:00,25.76,11.81,49.98,101.14,42.75,585.68,41.93,7.93,11.72
2025-04-16 15:00:00,54.18,15.05,55.57,110.63,28.0,499.79,39.65,6.92,7.0
2025-04-16 16:00:00,68.0,15.78,64.82,120.07,20.0,414.45,42.34,13.05,6.2
2025-04-16 17:00:00,93.16,16.67,77.91,122.29,26.84,318.72,44.38,47.58,7.53
2025-04-16 18:00:00,118.01,17.26,87.61,138.6,35.71,163.84,46.8,71.24,9.99
2025-04-16 19:00:00,146.5,18.13,103.16,157.23,39.0,51.46,49.77,108.26,10.36
2025-04-16 20:00:00,136.47,18.27,95.2,154.65,38.5,2.13,50.29,189.62,15.19
2025-04-16 21:00:00,121.0,16.37,100.13,155.17,38.62,0.0,50.03,167.0,38.24
2025-04-16 22:00:00,109.7,17.51,94.32,150.88,37.81,0.0,50.2,173.59,75.32
2025-04-16 23:00:00,98.59,18.22,91.86,149.25,37.52,0.0,50.96,235.23,112.34
2025-04-17 00:00:00,72.5,18.49,104.0,151.03,31.34,2.53,50.86,308.35,97.19
2025-04-17 01:00:00,83.99,17.0,84.55,122.27,23.66,0.0,49.05,460.72,143.05
2025-04-17 02:00:00,76.7,16.49,67.72,110.11,21.39,0.0,47.16,619.5,130.54
2025-04-17 03:00:00,50.23,12.76,67.74,110.11,21.39,0.0,47.85,662.47,144.07
2025-04-17 04:00:00,68.6,12.43,68.08,110.67,21.5,0.0,47.43,546.45,159.84
2025-04-17 05:00:00,75.6,13.29,78.58,127.75,24.79,0.02,49.06,512.7,122.68
2025-04-17 06:00:00,68.28,16.87,85.79,139.48,27.04,23.85,50.08,583.5,122.99
2025-04-17 07:00:00,122.35,17.8,86.17,140.06,27.16,112.26,49.92,643.27,101.53
2025-04-17 08:00:00,130.01,17.84,85.98,139.41,27.03,246.54,49.88,654.02,91.71
